CENSUS CODE,TRACT,BLOCK GRP,HOOD,POP,POP18+,%POP18+,WHITE,WHITE18+,BLACK,BLACK18+,ASIAN,ASIAN18+,OTHER,OTHER18+,HISPANIC,HISPAN18+,ONERACE,ONERACE18+,2+RACES+,2+RACES18+,%WHITE,%WHITE18+,%BLACK,%BLACK18+,%ASIAN,%ASIAN18+,%OTHER,%OTHER18+,%HISPANIC,%HISP18+,%ONERACE,%ONERACE18+,%2+RACES,%2+RACES18+,# HOUS UNITS,OCCUP,VACANT,%OCCUP,%VAC
420035627002,5627,002,Allegheny Center,933,769,82.4%,381,361,453,330,56,51,6,6,27,19,896,748,37,16,40.8%,46.9%,48.6%,42.9%,6.0%,6.6%,0.6%,0.8%,2.9%,2.5%,96.0%,97.3%,4.0%,2.1%,1052,542,510,51.5%,48.5%
420035627001,5627,001,Allegheny West,462,426,92.2%,354,331,84,76,7,7,3,2,13,12,448,416,14,7,76.6%,77.7%,18.2%,17.8%,1.5%,1.6%,0.6%,0.5%,2.8%,2.8%,97.0%,97.7%,3.0%,1.6%,355,266,89,74.9%,25.1%
420031803001,1803,001,Allentown,1098,849,77.3%,684,584,357,240,0,0,12,8,16,14,1053,832,45,12,62.3%,68.8%,32.5%,28.3%,0.0%,0.0%,1.1%,0.9%,1.5%,1.6%,95.9%,98.0%,4.1%,1.4%,628,515,113,82.0%,18.0%
420031803002,1803,002,Allentown,666,466,70.0%,376,303,254,150,1,1,5,4,26,14,636,458,30,5,56.5%,65.0%,38.1%,32.2%,0.2%,0.2%,0.8%,0.9%,3.9%,3.0%,95.5%,98.3%,4.5%,1.1%,318,244,74,76.7%,23.3%
420031803003,1803,003,Allentown,736,525,71.3%,425,351,267,166,0,0,3,3,16,13,695,520,41,5,57.7%,66.9%,36.3%,31.6%,0.0%,0.0%,0.4%,0.6%,2.2%,2.5%,94.4%,99.0%,5.6%,1.0%,345,274,71,79.4%,20.6%
420035616002,5616,002,Arlington,737,586,79.5%,602,502,116,71,2,2,2,1,12,10,722,576,15,10,81.7%,85.7%,15.7%,12.1%,0.3%,0.3%,0.3%,0.2%,1.6%,1.7%,98.0%,98.3%,2.0%,1.7%,350,302,48,86.3%,13.7%
420035616003,5616,003,Arlington,545,437,80.2%,405,346,122,82,0,0,4,1,2,1,531,429,14,8,74.3%,79.2%,22.4%,18.8%,0.0%,0.0%,0.7%,0.2%,0.4%,0.2%,97.4%,98.2%,2.6%,1.8%,288,254,34,88.2%,11.8%
420035616004,5616,004,Arlington,587,422,71.9%,422,329,133,79,1,1,1,1,13,7,557,410,30,10,71.9%,78.0%,22.7%,18.7%,0.2%,0.2%,0.2%,0.2%,2.2%,1.7%,94.9%,97.2%,5.1%,2.4%,248,211,37,85.1%,14.9%
420035616001,5616,001,Arlington Heights,244,171,70.1%,23,21,205,142,0,0,4,2,2,2,232,165,12,4,9.4%,12.3%,84.0%,83.0%,0.0%,0.0%,1.6%,1.2%,0.8%,1.2%,95.1%,96.5%,4.9%,2.3%,148,135,13,91.2%,8.8%
420032023001,2023,001,Banksville,792,725,91.5%,602,563,66,57,113,96,3,1,14,11,784,717,8,8,76.0%,77.7%,8.3%,7.9%,14.3%,13.2%,0.4%,0.1%,1.8%,1.5%,99.0%,98.9%,1.0%,1.1%,488,456,32,93.4%,6.6%
420032023002,2023,002,Banksville,1042,889,85.3%,992,858,6,5,18,17,1,0,12,5,1017,880,25,9,95.2%,96.5%,0.6%,0.6%,1.7%,1.9%,0.1%,0.0%,1.2%,0.6%,97.6%,99.0%,2.4%,1.0%,497,472,25,95.0%,5.0%
420032023003,2023,003,Banksville,962,814,84.6%,904,774,28,20,16,12,5,5,7,6,953,811,9,3,94.0%,95.1%,2.9%,2.5%,1.7%,1.5%,0.5%,0.6%,0.7%,0.7%,99.1%,99.6%,0.9%,0.4%,370,360,10,97.3%,2.7%
420032023004,2023,004,Banksville,1348,1186,88.0%,1153,1032,69,60,64,54,13,12,23,22,1299,1158,49,25,85.5%,87.0%,5.1%,5.1%,4.7%,4.6%,1.0%,1.0%,1.7%,1.9%,96.4%,97.6%,3.6%,2.1%,763,733,30,96.1%,3.9%
420030509001,0509,001,Bedford Dwellings,1202,847,70.5%,48,38,1106,775,3,2,9,6,19,13,1166,821,36,24,4.0%,4.5%,92.0%,91.5%,0.2%,0.2%,0.7%,0.7%,1.6%,1.5%,97.0%,96.9%,3.0%,2.8%,746,651,95,87.3%,12.7%
420031916001,1916,001,Beechview,819,699,85.3%,744,651,30,27,22,12,7,3,14,11,803,693,16,6,90.8%,93.1%,3.7%,3.9%,2.7%,1.7%,0.9%,0.4%,1.7%,1.6%,98.0%,99.1%,2.0%,0.9%,415,391,24,94.2%,5.8%
420031916002,1916,002,Beechview,784,623,79.5%,612,512,130,92,0,0,16,10,48,29,758,614,26,7,78.1%,82.2%,16.6%,14.8%,0.0%,0.0%,2.0%,1.6%,6.1%,4.7%,96.7%,98.6%,3.3%,1.1%,360,329,31,91.4%,8.6%
420031916003,1916,003,Beechview,720,553,76.8%,511,419,118,77,23,17,33,25,67,39,685,538,35,12,71.0%,75.8%,16.4%,13.9%,3.2%,3.1%,4.6%,4.5%,9.3%,7.1%,95.1%,97.3%,4.9%,2.2%,328,290,38,88.4%,11.6%
420031916004,1916,004,Beechview,877,687,78.3%,669,553,127,82,19,17,38,27,96,68,853,679,24,7,76.3%,80.5%,14.5%,11.9%,2.2%,2.5%,4.3%,3.9%,10.9%,9.9%,97.3%,98.8%,2.7%,1.0%,446,377,69,84.5%,15.5%
420031916005,1916,005,Beechview,1095,885,80.8%,838,710,170,130,5,5,44,29,74,50,1057,874,38,11,76.5%,80.2%,15.5%,14.7%,0.5%,0.6%,4.0%,3.3%,6.8%,5.6%,96.5%,98.8%,3.5%,1.2%,539,464,75,86.1%,13.9%
420031920001,1920,001,Beechview,733,584,79.7%,628,527,74,37,9,7,14,8,16,9,725,579,8,4,85.7%,90.2%,10.1%,6.3%,1.2%,1.2%,1.9%,1.4%,2.2%,1.5%,98.9%,99.1%,1.1%,0.7%,372,344,28,92.5%,7.5%
420031920002,1920,002,Beechview,668,578,86.5%,596,536,52,30,14,11,1,1,5,4,663,578,5,0,89.2%,92.7%,7.8%,5.2%,2.1%,1.9%,0.1%,0.2%,0.7%,0.7%,99.3%,100.0%,0.7%,0.0%,315,288,27,91.4%,8.6%
420031920003,1920,003,Beechview,723,589,81.5%,619,519,69,50,15,9,3,3,20,13,706,581,17,7,85.6%,88.1%,9.5%,8.5%,2.1%,1.5%,0.4%,0.5%,2.8%,2.2%,97.6%,98.6%,2.4%,1.2%,393,331,62,84.2%,15.8%
420031920004,1920,004,Beechview,891,724,81.3%,711,606,113,68,15,12,34,27,62,42,873,713,18,10,79.8%,83.7%,12.7%,9.4%,1.7%,1.7%,3.8%,3.7%,7.0%,5.8%,98.0%,98.5%,2.0%,1.4%,453,429,24,94.7%,5.3%
420031920005,1920,005,Beechview,664,534,80.4%,526,446,80,50,3,3,31,24,42,34,640,523,24,8,79.2%,83.5%,12.0%,9.4%,0.5%,0.6%,4.7%,4.5%,6.3%,6.4%,96.4%,97.9%,3.6%,1.5%,318,273,45,85.8%,14.2%
420035624002,5624,002,Beltzhoover,463,338,73.0%,45,37,363,260,1,1,16,14,19,17,425,312,38,25,9.7%,10.9%,78.4%,76.9%,0.2%,0.3%,3.5%,4.1%,4.1%,5.0%,91.8%,92.3%,8.2%,7.4%,259,196,63,75.7%,24.3%
420035624003,5624,003,Beltzhoover,327,228,69.7%,13,9,303,211,0,0,9,6,6,2,325,226,2,2,4.0%,3.9%,92.7%,92.5%,0.0%,0.0%,2.8%,2.6%,1.8%,0.9%,99.4%,99.1%,0.6%,0.9%,186,138,48,74.2%,25.8%
420035624004,5624,004,Beltzhoover,736,546,74.2%,43,39,639,477,0,0,10,10,11,9,692,526,44,18,5.8%,7.1%,86.8%,87.4%,0.0%,0.0%,1.4%,1.8%,1.5%,1.6%,94.0%,96.3%,6.0%,3.3%,418,307,111,73.4%,26.6%
420035624005,5624,005,Beltzhoover,399,277,69.4%,90,82,299,190,2,2,1,0,3,3,392,274,7,3,22.6%,29.6%,74.9%,68.6%,0.5%,0.7%,0.3%,0.0%,0.8%,1.1%,98.2%,98.9%,1.8%,1.1%,222,156,66,70.3%,29.7%
420030802001,0802,001,Bloomfield,1049,965,92.0%,956,882,54,47,22,22,6,5,11,11,1038,956,11,8,91.1%,91.4%,5.1%,4.9%,2.1%,2.3%,0.6%,0.5%,1.0%,1.1%,99.0%,99.1%,1.0%,0.8%,631,563,68,89.2%,10.8%
420030802002,0802,002,Bloomfield,630,556,88.3%,558,506,30,21,19,12,9,7,21,18,616,546,14,7,88.6%,91.0%,4.8%,3.8%,3.0%,2.2%,1.4%,1.3%,3.3%,3.2%,97.8%,98.2%,2.2%,1.3%,373,333,40,89.3%,10.7%
420030804001,0804,001,Bloomfield,667,608,91.2%,574,535,40,30,38,31,2,1,18,16,654,597,13,8,86.1%,88.0%,6.0%,4.9%,5.7%,5.1%,0.3%,0.2%,2.7%,2.6%,98.1%,98.2%,1.9%,1.3%,379,342,37,90.2%,9.8%
420030804002,0804,002,Bloomfield,702,671,95.6%,459,436,58,58,161,155,6,6,22,19,684,655,18,14,65.4%,65.0%,8.3%,8.6%,22.9%,23.1%,0.9%,0.9%,3.1%,2.8%,97.4%,97.6%,2.6%,2.1%,446,413,33,92.6%,7.4%
420030806001,0806,001,Bloomfield,1313,1158,88.2%,1070,962,127,106,75,64,20,11,41,34,1292,1143,21,14,81.5%,83.1%,9.7%,9.2%,5.7%,5.5%,1.5%,0.9%,3.1%,2.9%,98.4%,98.7%,1.6%,1.2%,763,686,77,89.9%,10.1%
420030806002,0806,002,Bloomfield,685,629,91.8%,573,528,45,43,53,46,2,2,13,11,673,619,12,9,83.6%,83.9%,6.6%,6.8%,7.7%,7.3%,0.3%,0.3%,1.9%,1.7%,98.2%,98.4%,1.8%,1.4%,463,426,37,92.0%,8.0%
420030809001,0809,001,Bloomfield,995,932,93.7%,844,794,69,65,45,42,10,10,20,19,968,911,27,20,84.8%,85.2%,6.9%,7.0%,4.5%,4.5%,1.0%,1.1%,2.0%,2.0%,97.3%,97.7%,2.7%,2.1%,600,539,61,89.8%,10.2%
420030809002,0809,002,Bloomfield,772,681,88.2%,508,474,177,138,47,43,13,9,28,24,745,664,27,16,65.8%,69.6%,22.9%,20.3%,6.1%,6.3%,1.7%,1.3%,3.6%,3.5%,96.5%,97.5%,3.5%,2.3%,502,424,78,84.5%,15.5%
420030903001,0903,001,Bloomfield,1081,965,89.3%,898,834,87,70,41,27,18,15,32,26,1044,946,37,15,83.1%,86.4%,8.0%,7.3%,3.8%,2.8%,1.7%,1.6%,3.0%,2.7%,96.6%,98.0%,3.4%,1.6%,672,575,97,85.6%,14.4%
420030903002,0903,002,Bloomfield,548,471,85.9%,446,391,52,39,41,33,2,2,13,11,541,465,7,6,81.4%,83.0%,9.5%,8.3%,7.5%,7.0%,0.4%,0.4%,2.4%,2.3%,98.7%,98.7%,1.3%,1.3%,307,271,36,88.3%,11.7%
420030103001,0103,001,Bluff,2594,2572,99.2%,996,993,1587,1568,1,1,6,6,52,52,2590,2568,4,3,38.4%,38.6%,61.2%,61.0%,0.0%,0.0%,0.2%,0.2%,2.0%,2.0%,99.8%,99.8%,0.2%,0.1%,0,0,0,,
420030103002,0103,002,Bluff,3336,3332,99.9%,3008,3007,166,165,67,66,27,26,91,90,3268,3264,68,62,90.2%,90.2%,5.0%,5.0%,2.0%,2.0%,0.8%,0.8%,2.7%,2.7%,98.0%,98.0%,2.0%,1.9%,1,1,0,100.0%,0.0%
420030103003,0103,003,Bluff,353,330,93.5%,230,225,117,101,2,2,0,0,4,4,349,328,4,2,65.2%,68.2%,33.1%,30.6%,0.6%,0.6%,0.0%,0.0%,1.1%,1.2%,98.9%,99.4%,1.1%,0.6%,199,149,50,74.9%,25.1%
420030103004,0103,004,Bluff,317,239,75.4%,111,93,187,137,3,3,5,4,14,10,306,237,11,1,35.0%,38.9%,59.0%,57.3%,0.9%,1.3%,1.6%,1.7%,4.4%,4.2%,96.5%,99.2%,3.5%,0.4%,188,132,56,70.2%,29.8%
420035624001,5624,001,Bon Air,808,670,82.9%,755,635,35,22,12,9,0,0,7,4,802,666,6,4,93.4%,94.8%,4.3%,3.3%,1.5%,1.3%,0.0%,0.0%,0.9%,0.6%,99.3%,99.4%,0.7%,0.6%,387,364,23,94.1%,5.9%
420032701001,2701,001,Brighton Heights,1521,1213,79.8%,1226,1026,238,163,9,7,4,2,20,12,1477,1198,44,13,80.6%,84.6%,15.6%,13.4%,0.6%,0.6%,0.3%,0.2%,1.3%,1.0%,97.1%,98.8%,2.9%,1.1%,722,669,53,92.7%,7.3%
420032701002,2701,002,Brighton Heights,1128,848,75.2%,715,601,347,220,9,9,9,5,28,18,1080,835,48,13,63.4%,70.9%,30.8%,25.9%,0.8%,1.1%,0.8%,0.6%,2.5%,2.1%,95.7%,98.5%,4.3%,1.5%,530,474,56,89.4%,10.6%
420032703001,2703,001,Brighton Heights,1154,902,78.2%,769,677,322,201,13,11,5,2,14,8,1109,891,45,9,66.6%,75.1%,27.9%,22.3%,1.1%,1.2%,0.4%,0.2%,1.2%,0.9%,96.1%,98.8%,3.9%,1.0%,613,544,69,88.7%,11.3%
420032703002,2703,002,Brighton Heights,793,611,77.0%,497,423,244,169,5,4,4,4,18,12,750,600,43,11,62.7%,69.2%,30.8%,27.7%,0.6%,0.7%,0.5%,0.7%,2.3%,2.0%,94.6%,98.2%,5.4%,1.8%,401,341,60,85.0%,15.0%
420032708001,2708,001,Brighton Heights,778,652,83.8%,684,590,78,54,5,5,3,2,14,5,770,651,8,1,87.9%,90.5%,10.0%,8.3%,0.6%,0.8%,0.4%,0.3%,1.8%,0.8%,99.0%,99.8%,1.0%,0.2%,385,352,33,91.4%,8.6%
420032708002,2708,002,Brighton Heights,992,804,81.0%,698,601,266,189,4,2,4,2,4,4,972,794,20,9,70.4%,74.8%,26.8%,23.5%,0.4%,0.2%,0.4%,0.2%,0.4%,0.5%,98.0%,98.8%,2.0%,1.1%,515,464,51,90.1%,9.9%
420032708003,2708,003,Brighton Heights,881,733,83.2%,765,650,88,70,2,2,9,4,17,14,864,726,17,7,86.8%,88.7%,10.0%,9.5%,0.2%,0.3%,1.0%,0.5%,1.9%,1.9%,98.1%,99.0%,1.9%,1.0%,449,415,34,92.4%,7.6%
420031917001,1917,001,Brookline,2104,1743,82.8%,1907,1619,90,63,40,28,16,10,40,29,2053,1720,51,21,90.6%,92.9%,4.3%,3.6%,1.9%,1.6%,0.8%,0.6%,1.9%,1.7%,97.6%,98.7%,2.4%,1.2%,1022,986,36,96.5%,3.5%
420031917002,1917,002,Brookline,573,464,81.0%,532,433,23,19,3,3,7,5,12,8,565,460,8,3,92.8%,93.3%,4.0%,4.1%,0.5%,0.6%,1.2%,1.1%,2.1%,1.7%,98.6%,99.1%,1.4%,0.6%,265,250,15,94.3%,5.7%
420031917003,1917,003,Brookline,771,603,78.2%,640,522,87,58,6,4,9,7,19,13,742,591,29,8,83.0%,86.6%,11.3%,9.6%,0.8%,0.7%,1.2%,1.2%,2.5%,2.2%,96.2%,98.0%,3.8%,1.3%,345,326,19,94.5%,5.5%
420031918001,1918,001,Brookline,667,544,81.6%,599,498,39,26,12,11,3,3,8,8,653,538,14,5,89.8%,91.5%,5.8%,4.8%,1.8%,2.0%,0.4%,0.6%,1.2%,1.5%,97.9%,98.9%,2.1%,0.9%,377,307,70,81.4%,18.6%
420031918002,1918,002,Brookline,686,535,78.0%,636,507,32,17,6,4,4,2,12,6,678,530,8,4,92.7%,94.8%,4.7%,3.2%,0.9%,0.7%,0.6%,0.4%,1.7%,1.1%,98.8%,99.1%,1.2%,0.7%,314,289,25,92.0%,8.0%
420031918003,1918,003,Brookline,707,583,82.5%,658,550,25,19,4,4,2,2,23,14,689,575,18,7,93.1%,94.3%,3.5%,3.3%,0.6%,0.7%,0.3%,0.3%,3.3%,2.4%,97.5%,98.6%,2.5%,1.2%,332,316,16,95.2%,4.8%
420031918004,1918,004,Brookline,753,621,82.5%,702,589,24,18,11,10,6,1,7,3,743,618,10,3,93.2%,94.8%,3.2%,2.9%,1.5%,1.6%,0.8%,0.2%,0.9%,0.5%,98.7%,99.5%,1.3%,0.5%,367,344,23,93.7%,6.3%
420031918005,1918,005,Brookline,689,546,79.2%,632,517,37,21,6,6,1,0,8,4,676,544,13,1,91.7%,94.7%,5.4%,3.8%,0.9%,1.1%,0.1%,0.0%,1.2%,0.7%,98.1%,99.6%,1.9%,0.2%,338,316,22,93.5%,6.5%
420031918006,1918,006,Brookline,964,774,80.3%,918,745,22,18,6,6,4,2,11,7,950,771,14,3,95.2%,96.3%,2.3%,2.3%,0.6%,0.8%,0.4%,0.3%,1.1%,0.9%,98.5%,99.6%,1.5%,0.4%,440,425,15,96.6%,3.4%
420031918007,1918,007,Brookline,856,701,81.9%,796,667,26,16,3,2,14,7,18,13,839,692,17,9,93.0%,95.1%,3.0%,2.3%,0.4%,0.3%,1.6%,1.0%,2.1%,1.9%,98.0%,98.7%,2.0%,1.3%,428,405,23,94.6%,5.4%
420031919001,1919,001,Brookline,766,600,78.3%,728,577,11,9,6,5,7,6,16,12,752,597,14,3,95.0%,96.2%,1.4%,1.5%,0.8%,0.8%,0.9%,1.0%,2.1%,2.0%,98.2%,99.5%,1.8%,0.5%,361,340,21,94.2%,5.8%
420031919002,1919,002,Brookline,827,650,78.6%,739,596,51,36,10,8,2,2,8,7,802,642,25,7,89.4%,91.7%,6.2%,5.5%,1.2%,1.2%,0.2%,0.3%,1.0%,1.1%,97.0%,98.8%,3.0%,1.1%,412,377,35,91.5%,8.5%
420031919003,1919,003,Brookline,590,495,83.9%,527,459,45,27,11,7,1,0,6,4,584,493,6,2,89.3%,92.7%,7.6%,5.5%,1.9%,1.4%,0.2%,0.0%,1.0%,0.8%,99.0%,99.6%,1.0%,0.4%,303,281,22,92.7%,7.3%
420033206001,3206,001,Brookline,1158,920,79.4%,1049,852,70,51,15,11,1,1,6,3,1135,915,23,5,90.6%,92.6%,6.0%,5.5%,1.3%,1.2%,0.1%,0.1%,0.5%,0.3%,98.0%,99.5%,2.0%,0.5%,519,483,36,93.1%,6.9%
420033206002,3206,002,Brookline,1103,887,80.4%,1018,839,26,16,13,7,18,13,17,13,1075,875,28,11,92.3%,94.6%,2.4%,1.8%,1.2%,0.8%,1.6%,1.5%,1.5%,1.5%,97.5%,98.6%,2.5%,1.2%,541,506,35,93.5%,6.5%
420032507001,2507,001,California-Kirkbride,761,522,68.6%,143,121,578,378,0,0,7,5,5,4,728,504,33,18,18.8%,23.2%,76.0%,72.4%,0.0%,0.0%,0.9%,1.0%,0.7%,0.8%,95.7%,96.6%,4.3%,3.4%,393,312,81,79.4%,20.6%
420032901001,2901,001,Carrick,659,527,80.0%,501,430,99,65,27,18,11,8,12,8,638,521,21,6,76.0%,81.6%,15.0%,12.3%,4.1%,3.4%,1.7%,1.5%,1.8%,1.5%,96.8%,98.9%,3.2%,1.1%,339,297,42,87.6%,12.4%
420032901002,2901,002,Carrick,744,566,76.1%,621,491,79,55,20,11,4,2,12,9,724,559,20,7,83.5%,86.7%,10.6%,9.7%,2.7%,1.9%,0.5%,0.4%,1.6%,1.6%,97.3%,98.8%,2.7%,1.2%,339,290,49,85.5%,14.5%
420032901003,2901,003,Carrick,717,565,78.8%,633,516,59,36,4,4,4,4,6,5,700,560,17,4,88.3%,91.3%,8.2%,6.4%,0.6%,0.7%,0.6%,0.7%,0.8%,0.9%,97.6%,99.1%,2.4%,0.7%,376,317,59,84.3%,15.7%
420032902001,2902,001,Carrick,902,721,79.9%,808,676,53,30,4,3,10,5,13,9,875,714,27,7,89.6%,93.8%,5.9%,4.2%,0.4%,0.4%,1.1%,0.7%,1.4%,1.2%,97.0%,99.0%,3.0%,1.0%,433,386,47,89.1%,10.9%
420032902002,2902,002,Carrick,822,685,83.3%,694,595,94,71,6,5,4,3,14,11,798,674,24,7,84.4%,86.9%,11.4%,10.4%,0.7%,0.7%,0.5%,0.4%,1.7%,1.6%,97.1%,98.4%,2.9%,1.0%,494,447,47,90.5%,9.5%
420032902003,2902,003,Carrick,646,508,78.6%,568,454,54,38,10,9,1,1,7,2,633,502,13,5,87.9%,89.4%,8.4%,7.5%,1.5%,1.8%,0.2%,0.2%,1.1%,0.4%,98.0%,98.8%,2.0%,1.0%,287,267,20,93.0%,7.0%
420032902004,2902,004,Carrick,699,527,75.4%,575,453,87,57,5,5,6,5,23,14,673,520,26,6,82.3%,86.0%,12.4%,10.8%,0.7%,0.9%,0.9%,0.9%,3.3%,2.7%,96.3%,98.7%,3.7%,1.1%,326,282,44,86.5%,13.5%
420032902005,2902,005,Carrick,875,708,80.9%,768,634,80,58,1,1,8,8,23,11,857,701,18,4,87.8%,89.5%,9.1%,8.2%,0.1%,0.1%,0.9%,1.1%,2.6%,1.6%,97.9%,99.0%,2.1%,0.6%,457,385,72,84.2%,15.8%
420032904001,2904,001,Carrick,579,440,76.0%,490,398,57,28,3,2,2,2,10,4,552,430,27,10,84.6%,90.5%,9.8%,6.4%,0.5%,0.5%,0.3%,0.5%,1.7%,0.9%,95.3%,97.7%,4.7%,2.3%,269,232,37,86.2%,13.8%
420032904002,2904,002,Carrick,1257,991,78.8%,1068,869,143,92,18,15,5,5,28,21,1234,981,23,9,85.0%,87.7%,11.4%,9.3%,1.4%,1.5%,0.4%,0.5%,2.2%,2.1%,98.2%,99.0%,1.8%,0.9%,633,551,82,87.0%,13.0%
420032904003,2904,003,Carrick,706,567,80.3%,640,533,43,19,5,4,5,5,9,8,693,561,13,6,90.7%,94.0%,6.1%,3.4%,0.7%,0.7%,0.7%,0.9%,1.3%,1.4%,98.2%,98.9%,1.8%,1.1%,342,316,26,92.4%,7.6%
420032904004,2904,004,Carrick,868,727,83.8%,783,672,62,41,4,3,1,1,6,5,850,717,18,8,90.2%,92.4%,7.1%,5.6%,0.5%,0.4%,0.1%,0.1%,0.7%,0.7%,97.9%,98.6%,2.1%,1.1%,453,403,50,89.0%,11.0%
420032904005,2904,005,Carrick,639,517,80.9%,547,461,62,43,6,6,1,1,3,1,616,511,23,6,85.6%,89.2%,9.7%,8.3%,0.9%,1.2%,0.2%,0.2%,0.5%,0.2%,96.4%,98.8%,3.6%,1.2%,293,271,22,92.5%,7.5%
420030201001,0201,001,Central Business District,1435,1418,98.8%,1055,1049,266,260,19,19,55,53,59,59,1395,1381,40,31,73.5%,74.0%,18.5%,18.3%,1.3%,1.3%,3.8%,3.7%,4.1%,4.2%,97.2%,97.4%,2.8%,2.2%,349,278,71,79.7%,20.3%
420030201002,0201,002,Central Business District,936,928,99.1%,689,684,160,159,46,46,4,4,21,21,899,893,37,30,73.6%,73.7%,17.1%,17.1%,4.9%,5.0%,0.4%,0.4%,2.2%,2.3%,96.0%,96.2%,4.0%,3.2%,873,753,120,86.3%,13.7%
420030201003,0201,003,Central Business District,28,28,100.0%,23,23,2,2,3,3,0,0,1,1,28,28,0,0,82.1%,82.1%,7.1%,7.1%,10.7%,10.7%,0.0%,0.0%,3.6%,3.6%,100.0%,100.0%,0.0%,0.0%,95,20,75,21.1%,78.9%
420030201004,0201,004,Central Business District,798,780,97.7%,613,606,103,96,56,53,8,8,21,21,780,763,18,16,76.8%,77.7%,12.9%,12.3%,7.0%,6.8%,1.0%,1.0%,2.6%,2.7%,97.7%,97.8%,2.3%,2.1%,563,539,24,95.7%,4.3%
420030201005,0201,005,Central Business District,9,9,100.0%,9,9,0,0,0,0,0,0,0,0,9,9,0,0,100.0%,100.0%,0.0%,0.0%,0.0%,0.0%,0.0%,0.0%,0.0%,0.0%,100.0%,100.0%,0.0%,0.0%,11,8,3,72.7%,27.3%
420030201006,0201,006,Central Business District,423,398,94.1%,317,305,49,44,47,43,4,4,17,15,417,396,6,2,74.9%,76.6%,11.6%,11.1%,11.1%,10.8%,0.9%,1.0%,4.0%,3.8%,98.6%,99.5%,1.4%,0.5%,451,308,143,68.3%,31.7%
420030901001,0901,001,Central Lawrenceville,1308,1111,84.9%,1094,976,168,105,12,11,3,2,21,16,1277,1094,31,13,83.6%,87.8%,12.8%,9.5%,0.9%,1.0%,0.2%,0.2%,1.6%,1.4%,97.6%,98.5%,2.4%,1.2%,816,673,143,82.5%,17.5%
420030901002,0901,002,Central Lawrenceville,535,456,85.2%,447,406,58,36,5,5,13,2,5,4,523,449,12,6,83.6%,89.0%,10.8%,7.9%,0.9%,1.1%,2.4%,0.4%,0.9%,0.9%,97.8%,98.5%,2.2%,1.3%,308,249,59,80.8%,19.2%
420030902001,0902,001,Central Lawrenceville,872,755,86.6%,781,694,48,36,9,5,6,5,24,19,844,740,28,11,89.6%,91.9%,5.5%,4.8%,1.0%,0.7%,0.7%,0.7%,2.8%,2.5%,96.8%,98.0%,3.2%,1.5%,504,443,61,87.9%,12.1%
420030902002,0902,002,Central Lawrenceville,1062,936,88.1%,896,822,99,68,46,34,9,5,25,17,1050,929,12,5,84.4%,87.8%,9.3%,7.3%,4.3%,3.6%,0.8%,0.5%,2.4%,1.8%,98.9%,99.3%,1.1%,0.5%,594,529,65,89.1%,10.9%
420030902003,0902,003,Central Lawrenceville,701,650,92.7%,640,600,49,40,6,6,3,2,3,2,698,648,3,2,91.3%,92.3%,7.0%,6.2%,0.9%,0.9%,0.4%,0.3%,0.4%,0.3%,99.6%,99.7%,0.4%,0.3%,446,397,49,89.0%,11.0%
420039810001,9810,001,Central Lawrenceville,4,4,100.0%,4,4,0,0,0,0,0,0,0,0,4,4,0,0,100.0%,100.0%,0.0%,0.0%,0.0%,0.0%,0.0%,0.0%,0.0%,0.0%,100.0%,100.0%,0.0%,0.0%,2,2,0,100.0%,0.0%
420032206001,2206,001,Central North Side,1362,1229,90.2%,841,785,463,397,16,16,8,8,37,30,1328,1206,34,19,61.7%,63.9%,34.0%,32.3%,1.2%,1.3%,0.6%,0.7%,2.7%,2.4%,97.5%,98.1%,2.5%,1.5%,983,873,110,88.8%,11.2%
420032206002,2206,002,Central North Side,471,402,85.4%,177,164,267,225,1,1,4,3,18,12,449,393,22,8,37.6%,40.8%,56.7%,56.0%,0.2%,0.2%,0.8%,0.7%,3.8%,3.0%,95.3%,97.8%,4.7%,2.0%,293,187,106,63.8%,36.2%
420032503001,2503,001,Central North Side,1090,868,79.6%,421,372,617,470,6,4,16,8,25,19,1060,854,30,12,38.6%,42.9%,56.6%,54.1%,0.6%,0.5%,1.5%,0.9%,2.3%,2.2%,97.2%,98.4%,2.8%,1.4%,695,527,168,75.8%,24.2%
420030405001,0405,001,Central Oakland,1904,1891,99.3%,1619,1608,103,103,141,141,12,12,52,50,1875,1864,29,22,85.0%,85.0%,5.4%,5.4%,7.4%,7.5%,0.6%,0.6%,2.7%,2.6%,98.5%,98.6%,1.5%,1.2%,637,607,30,95.3%,4.7%
420030405002,0405,002,Central Oakland,1790,1769,98.8%,1470,1459,72,72,184,178,19,18,27,26,1745,1727,45,41,82.1%,82.5%,4.0%,4.1%,10.3%,10.1%,1.1%,1.0%,1.5%,1.5%,97.5%,97.6%,2.5%,2.3%,742,693,49,93.4%,6.6%
420030406001,0406,001,Central Oakland,2392,2335,97.6%,1965,1947,146,133,193,180,46,33,78,63,2350,2293,42,42,82.1%,83.4%,6.1%,5.7%,8.1%,7.7%,1.9%,1.4%,3.3%,2.7%,98.2%,98.2%,1.8%,1.8%,1152,1084,68,94.1%,5.9%
420035630004,5630,004,Chartiers City,477,405,84.9%,142,122,325,277,0,0,3,3,2,2,470,402,7,2,29.8%,30.1%,68.1%,68.4%,0.0%,0.0%,0.6%,0.7%,0.4%,0.5%,98.5%,99.3%,1.5%,0.5%,236,213,23,90.3%,9.7%
420039806001,9806,001,Chateau,11,11,100.0%,8,8,3,3,0,0,0,0,0,0,11,11,0,0,72.7%,72.7%,27.3%,27.3%,0.0%,0.0%,0.0%,0.0%,0.0%,0.0%,100.0%,100.0%,0.0%,0.0%,4,4,0,100.0%,0.0%
420032814001,2814,001,Crafton Heights,825,654,79.3%,647,546,151,94,5,5,9,6,22,11,812,651,13,2,78.4%,83.5%,18.3%,14.4%,0.6%,0.8%,1.1%,0.9%,2.7%,1.7%,98.4%,99.5%,1.6%,0.3%,404,366,38,90.6%,9.4%
420032814002,2814,002,Crafton Heights,1527,1014,66.4%,702,591,730,382,10,6,13,8,25,14,1455,987,72,26,46.0%,58.3%,47.8%,37.7%,0.7%,0.6%,0.9%,0.8%,1.6%,1.4%,95.3%,97.3%,4.7%,2.6%,718,626,92,87.2%,12.8%
420032815001,2815,001,Crafton Heights,503,413,82.1%,418,362,57,37,9,6,0,0,2,2,484,405,19,6,83.1%,87.7%,11.3%,9.0%,1.8%,1.5%,0.0%,0.0%,0.4%,0.5%,96.2%,98.1%,3.8%,1.5%,244,223,21,91.4%,8.6%
420032815002,2815,002,Crafton Heights,959,748,78.0%,761,635,155,93,4,4,7,5,9,7,927,737,32,11,79.4%,84.9%,16.2%,12.4%,0.4%,0.5%,0.7%,0.7%,0.9%,0.9%,96.7%,98.5%,3.3%,1.5%,470,410,60,87.2%,12.8%
420030305001,0305,001,Crawford-Roberts,1403,1133,80.8%,187,178,1170,917,15,15,11,8,13,10,1383,1118,20,14,13.3%,15.7%,83.4%,80.9%,1.1%,1.3%,0.8%,0.7%,0.9%,0.9%,98.6%,98.7%,1.4%,1.2%,769,716,53,93.1%,6.9%
420030305002,0305,002,Crawford-Roberts,853,660,77.4%,120,114,691,511,9,9,5,5,19,13,825,639,28,21,14.1%,17.3%,81.0%,77.4%,1.1%,1.4%,0.6%,0.8%,2.2%,2.0%,96.7%,96.8%,3.3%,3.2%,501,438,63,87.4%,12.6%
420031911001,1911,001,Duquesne Heights,973,846,86.9%,894,789,31,24,15,15,8,6,14,14,948,834,25,10,91.9%,93.3%,3.2%,2.8%,1.5%,1.8%,0.8%,0.7%,1.4%,1.7%,97.4%,98.6%,2.6%,1.2%,501,453,48,90.4%,9.6%
420031911002,1911,002,Duquesne Heights,1452,1321,91.0%,1350,1237,38,31,38,36,2,2,16,14,1428,1306,24,15,93.0%,93.6%,2.6%,2.3%,2.6%,2.7%,0.1%,0.2%,1.1%,1.1%,98.3%,98.9%,1.7%,1.1%,892,783,109,87.8%,12.2%
420035632002,5632,002,East Allegheny,969,886,91.4%,538,505,348,315,7,7,20,18,51,47,913,845,56,28,55.5%,57.0%,35.9%,35.6%,0.7%,0.8%,2.1%,2.0%,5.3%,5.3%,94.2%,95.4%,5.8%,3.2%,730,615,115,84.2%,15.8%
420035632003,5632,003,East Allegheny,1167,982,84.1%,801,703,295,233,16,16,16,11,35,29,1128,963,39,16,68.6%,71.6%,25.3%,23.7%,1.4%,1.6%,1.4%,1.1%,3.0%,3.0%,96.7%,98.1%,3.3%,1.6%,847,637,210,75.2%,24.8%
420035628001,5628,001,East Carnegie,570,481,84.4%,447,405,92,58,3,3,15,10,25,12,557,476,13,5,78.4%,84.2%,16.1%,12.1%,0.5%,0.6%,2.6%,2.1%,4.4%,2.5%,97.7%,99.0%,2.3%,1.0%,251,224,27,89.2%,10.8%
420031306001,1306,001,East Hills,579,443,76.5%,19,17,547,419,3,3,1,1,1,1,570,440,9,3,3.3%,3.8%,94.5%,94.6%,0.5%,0.7%,0.2%,0.2%,0.2%,0.2%,98.4%,99.3%,1.6%,0.7%,323,250,73,77.4%,22.6%
420031306002,1306,002,East Hills,644,508,78.9%,27,27,586,460,2,2,11,9,7,5,626,498,18,10,4.2%,5.3%,91.0%,90.6%,0.3%,0.4%,1.7%,1.8%,1.1%,1.0%,97.2%,98.0%,2.8%,2.0%,371,315,56,84.9%,15.1%
420031306003,1306,003,East Hills,1946,1193,61.3%,19,18,1820,1128,9,4,15,8,29,18,1863,1158,83,35,1.0%,1.5%,93.5%,94.6%,0.5%,0.3%,0.8%,0.7%,1.5%,1.5%,95.7%,97.1%,4.3%,2.9%,828,753,75,90.9%,9.1%
420031113001,1113,001,East Liberty,757,579,76.5%,186,167,542,399,3,3,10,4,12,9,741,573,16,6,24.6%,28.8%,71.6%,68.9%,0.4%,0.5%,1.3%,0.7%,1.6%,1.6%,97.9%,99.0%,2.1%,1.0%,455,368,87,80.9%,19.1%
420031113002,1113,002,East Liberty,624,543,87.0%,182,171,399,339,11,10,12,8,14,11,604,528,20,9,29.2%,31.5%,63.9%,62.4%,1.8%,1.8%,1.9%,1.5%,2.2%,2.0%,96.8%,97.2%,3.2%,1.7%,336,275,61,81.8%,18.2%
420031113003,1113,003,East Liberty,579,440,76.0%,71,66,466,346,9,9,7,7,10,7,553,428,26,11,12.3%,15.0%,80.5%,78.6%,1.6%,2.0%,1.2%,1.6%,1.7%,1.6%,95.5%,97.3%,4.5%,2.5%,363,282,81,77.7%,22.3%
420031113004,1113,004,East Liberty,679,540,79.5%,220,201,388,292,28,23,9,7,29,17,645,523,34,13,32.4%,37.2%,57.1%,54.1%,4.1%,4.3%,1.3%,1.3%,4.3%,3.1%,95.0%,96.9%,5.0%,2.4%,370,312,58,84.3%,15.7%
420031115001,1115,001,East Liberty,757,621,82.0%,144,120,583,479,17,14,4,3,15,14,748,616,9,4,19.0%,19.3%,77.0%,77.1%,2.2%,2.3%,0.5%,0.5%,2.0%,2.3%,98.8%,99.2%,1.2%,0.6%,501,425,76,84.8%,15.2%
420031115002,1115,002,East Liberty,1538,1401,91.1%,608,570,760,680,121,114,7,5,44,34,1496,1369,42,29,39.5%,40.7%,49.4%,48.5%,7.9%,8.1%,0.5%,0.4%,2.9%,2.4%,97.3%,97.7%,2.7%,2.1%,1126,1046,80,92.9%,7.1%
420031115003,1115,003,East Liberty,170,155,91.2%,38,36,127,115,1,1,2,2,2,2,168,154,2,1,22.4%,23.2%,74.7%,74.2%,0.6%,0.6%,1.2%,1.3%,1.2%,1.3%,98.8%,99.4%,1.2%,0.6%,12,5,7,41.7%,58.3%
420031115004,1115,004,East Liberty,765,504,65.9%,18,17,711,466,0,0,2,2,16,8,731,485,34,17,2.4%,3.4%,92.9%,92.5%,0.0%,0.0%,0.3%,0.4%,2.1%,1.6%,95.6%,96.2%,4.4%,3.4%,356,343,13,96.3%,3.7%
420035626002,5626,002,Elliott,1033,800,77.4%,728,622,269,160,7,7,5,4,22,9,1009,793,24,5,70.5%,77.8%,26.0%,20.0%,0.7%,0.9%,0.5%,0.5%,2.1%,1.1%,97.7%,99.1%,2.3%,0.6%,557,449,108,80.6%,19.4%
420035626003,5626,003,Elliott,786,604,76.8%,503,435,238,147,0,0,7,5,5,4,748,587,38,17,64.0%,72.0%,30.3%,24.3%,0.0%,0.0%,0.9%,0.8%,0.6%,0.7%,95.2%,97.2%,4.8%,2.8%,397,332,65,83.6%,16.4%
420035626004,5626,004,Elliott,562,434,77.2%,329,284,197,130,9,6,10,3,10,5,545,423,17,9,58.5%,65.4%,35.1%,30.0%,1.6%,1.4%,1.8%,0.7%,1.8%,1.2%,97.0%,97.5%,3.0%,2.1%,316,247,69,78.2%,21.8%
420035625001,5625,001,Esplen,301,227,75.4%,196,161,90,55,2,2,7,6,4,4,295,224,6,3,65.1%,70.9%,29.9%,24.2%,0.7%,0.9%,2.3%,2.6%,1.3%,1.8%,98.0%,98.7%,2.0%,1.3%,166,131,35,78.9%,21.1%
420035630001,5630,001,Fairywood,1002,893,89.1%,630,605,284,219,18,18,21,17,48,42,953,859,49,27,62.9%,67.7%,28.3%,24.5%,1.8%,2.0%,2.1%,1.9%,4.8%,4.7%,95.1%,96.2%,4.9%,3.0%,540,465,75,86.1%,13.9%
420032509001,2509,001,Fineview,719,513,71.3%,249,214,447,290,0,0,1,0,14,12,697,504,22,6,34.6%,41.7%,62.2%,56.5%,0.0%,0.0%,0.1%,0.0%,1.9%,2.3%,96.9%,98.2%,3.1%,1.2%,456,364,92,79.8%,20.2%
420032509002,2509,002,Fineview,566,462,81.6%,320,273,218,175,1,1,12,10,11,4,551,459,15,2,56.5%,59.1%,38.5%,37.9%,0.2%,0.2%,2.1%,2.2%,1.9%,0.9%,97.3%,99.4%,2.7%,0.4%,304,248,56,81.6%,18.4%
420030807001,0807,001,Friendship,839,703,83.8%,491,428,233,180,68,60,20,14,37,30,812,682,27,20,58.5%,60.9%,27.8%,25.6%,8.1%,8.5%,2.4%,2.0%,4.4%,4.3%,96.8%,97.0%,3.2%,2.8%,517,482,35,93.2%,6.8%
420030807002,0807,002,Friendship,946,898,94.9%,629,602,129,120,158,147,16,15,39,37,932,884,14,13,66.5%,67.0%,13.6%,13.4%,16.7%,16.4%,1.7%,1.7%,4.1%,4.1%,98.5%,98.4%,1.5%,1.4%,646,589,57,91.2%,8.8%
420031016001,1016,001,Garfield,857,541,63.1%,51,46,789,482,2,2,1,1,4,3,843,531,14,10,6.0%,8.5%,92.1%,89.1%,0.2%,0.4%,0.1%,0.2%,0.5%,0.6%,98.4%,98.2%,1.6%,1.8%,391,310,81,79.3%,20.7%
420031017001,1017,001,Garfield,607,466,76.8%,114,103,445,326,23,18,6,6,11,7,588,453,19,11,18.8%,22.1%,73.3%,70.0%,3.8%,3.9%,1.0%,1.3%,1.8%,1.5%,96.9%,97.2%,3.1%,2.4%,371,270,101,72.8%,27.2%
420031017002,1017,002,Garfield,858,636,74.1%,164,148,622,433,43,36,6,5,10,10,835,622,23,12,19.1%,23.3%,72.5%,68.1%,5.0%,5.7%,0.7%,0.8%,1.2%,1.6%,97.3%,97.8%,2.7%,1.9%,446,350,96,78.5%,21.5%
420031114001,1114,001,Garfield,575,446,77.6%,78,74,457,345,9,9,11,8,16,14,555,436,20,10,13.6%,16.6%,79.5%,77.4%,1.6%,2.0%,1.9%,1.8%,2.8%,3.1%,96.5%,97.8%,3.5%,2.2%,342,257,85,75.1%,24.9%
420031114002,1114,002,Garfield,778,555,71.3%,91,79,630,441,20,14,7,6,10,9,748,540,30,14,11.7%,14.2%,81.0%,79.5%,2.6%,2.5%,0.9%,1.1%,1.3%,1.6%,96.1%,97.3%,3.9%,2.5%,421,329,92,78.1%,21.9%
420035623002,5623,002,Glen Hazel,716,568,79.3%,208,199,488,358,0,0,9,4,7,5,705,561,11,7,29.1%,35.0%,68.2%,63.0%,0.0%,0.0%,1.3%,0.7%,1.0%,0.9%,98.5%,98.8%,1.5%,1.2%,249,236,13,94.8%,5.2%
420031516001,1516,001,Greenfield,1140,950,83.3%,1064,905,23,15,20,14,5,3,27,22,1112,937,28,13,93.3%,95.3%,2.0%,1.6%,1.8%,1.5%,0.4%,0.3%,2.4%,2.3%,97.5%,98.6%,2.5%,1.4%,579,532,47,91.9%,8.1%
420031516002,1516,002,Greenfield,709,615,86.7%,638,558,35,29,14,12,2,1,18,16,689,600,20,11,90.0%,90.7%,4.9%,4.7%,2.0%,2.0%,0.3%,0.2%,2.5%,2.6%,97.2%,97.6%,2.8%,1.8%,430,367,63,85.3%,14.7%
420031516003,1516,003,Greenfield,514,422,82.1%,485,407,14,8,2,2,2,1,8,4,503,418,11,4,94.4%,96.4%,2.7%,1.9%,0.4%,0.5%,0.4%,0.2%,1.6%,0.9%,97.9%,99.1%,2.1%,0.9%,239,218,21,91.2%,8.8%
420031517001,1517,001,Greenfield,932,797,85.5%,772,672,46,37,73,64,15,13,28,23,906,786,26,11,82.8%,84.3%,4.9%,4.6%,7.8%,8.0%,1.6%,1.6%,3.0%,2.9%,97.2%,98.6%,2.8%,1.4%,482,440,42,91.3%,8.7%
420031517002,1517,002,Greenfield,635,543,85.5%,530,470,52,35,31,25,11,9,20,17,624,539,11,3,83.5%,86.6%,8.2%,6.4%,4.9%,4.6%,1.7%,1.7%,3.1%,3.1%,98.3%,99.3%,1.7%,0.6%,350,321,29,91.7%,8.3%
420031517003,1517,003,Greenfield,743,628,84.5%,639,549,32,25,54,42,4,3,16,9,729,619,14,8,86.0%,87.4%,4.3%,4.0%,7.3%,6.7%,0.5%,0.5%,2.2%,1.4%,98.1%,98.6%,1.9%,1.3%,401,373,28,93.0%,7.0%
420031517004,1517,004,Greenfield,618,533,86.2%,582,509,17,11,12,10,1,1,14,12,612,531,6,2,94.2%,95.5%,2.8%,2.1%,1.9%,1.9%,0.2%,0.2%,2.3%,2.3%,99.0%,99.6%,1.0%,0.4%,310,293,17,94.5%,5.5%
420031517005,1517,005,Greenfield,905,771,85.2%,770,674,55,36,49,39,17,13,52,40,891,762,14,7,85.1%,87.4%,6.1%,4.7%,5.4%,5.1%,1.9%,1.7%,5.7%,5.2%,98.5%,98.8%,1.5%,0.9%,459,422,37,91.9%,8.1%
420031517006,1517,006,Greenfield,1098,921,83.9%,960,818,46,36,57,49,8,6,26,15,1071,909,27,11,87.4%,88.8%,4.2%,3.9%,5.2%,5.3%,0.7%,0.7%,2.4%,1.6%,97.5%,98.7%,2.5%,1.2%,555,512,43,92.3%,7.7%
420035629002,5629,002,Hays,362,297,82.0%,318,270,26,18,6,4,0,0,13,8,350,292,12,3,87.8%,90.9%,7.2%,6.1%,1.7%,1.3%,0.0%,0.0%,3.6%,2.7%,96.7%,98.3%,3.3%,1.0%,203,166,37,81.8%,18.2%
420035623001,5623,001,Hazelwood,554,416,75.1%,213,188,323,217,5,3,5,4,14,10,546,412,8,4,38.4%,45.2%,58.3%,52.2%,0.9%,0.7%,0.9%,1.0%,2.5%,2.4%,98.6%,99.0%,1.4%,1.0%,324,241,83,74.4%,25.6%
420035623003,5623,003,Hazelwood,650,480,73.8%,279,238,353,233,1,1,1,0,17,9,634,472,16,7,42.9%,49.6%,54.3%,48.5%,0.2%,0.2%,0.2%,0.0%,2.6%,1.9%,97.5%,98.3%,2.5%,1.5%,297,245,52,82.5%,17.5%
420035623004,5623,004,Hazelwood,510,390,76.5%,272,242,224,137,5,5,6,5,5,3,507,389,3,1,53.3%,62.1%,43.9%,35.1%,1.0%,1.3%,1.2%,1.3%,1.0%,0.8%,99.4%,99.7%,0.6%,0.3%,282,222,60,78.7%,21.3%
420035623005,5623,005,Hazelwood,567,419,73.9%,377,297,174,111,7,6,1,1,13,8,559,415,8,3,66.5%,70.9%,30.7%,26.5%,1.2%,1.4%,0.2%,0.2%,2.3%,1.9%,98.6%,99.0%,1.4%,0.7%,286,236,50,82.5%,17.5%
420035623006,5623,006,Hazelwood,472,370,78.4%,185,171,263,185,3,3,3,2,18,13,454,361,18,7,39.2%,46.2%,55.7%,50.0%,0.6%,0.8%,0.6%,0.5%,3.8%,3.5%,96.2%,97.6%,3.8%,1.9%,308,252,56,81.8%,18.2%
420035629001,5629,001,Hazelwood,635,465,73.2%,347,294,230,138,22,19,1,1,7,5,600,452,35,9,54.6%,63.2%,36.2%,29.7%,3.5%,4.1%,0.2%,0.2%,1.1%,1.1%,94.5%,97.2%,5.5%,1.9%,373,266,107,71.3%,28.7%
420035629003,5629,003,Hazelwood,929,733,78.9%,673,561,204,138,23,15,8,7,13,9,908,721,21,10,72.4%,76.5%,22.0%,18.8%,2.5%,2.0%,0.9%,1.0%,1.4%,1.2%,97.7%,98.4%,2.3%,1.4%,491,422,69,85.9%,14.1%
420031102001,1102,001,Highland Park,808,705,87.3%,597,529,112,98,70,56,2,2,22,16,781,685,27,19,73.9%,75.0%,13.9%,13.9%,8.7%,7.9%,0.2%,0.3%,2.7%,2.3%,96.7%,97.2%,3.3%,2.7%,453,428,25,94.5%,5.5%
420031102002,1102,002,Highland Park,736,615,83.6%,455,396,230,181,20,17,14,10,29,24,719,604,17,10,61.8%,64.4%,31.3%,29.4%,2.7%,2.8%,1.9%,1.6%,3.9%,3.9%,97.7%,98.2%,2.3%,1.6%,407,377,30,92.6%,7.4%
420031102003,1102,003,Highland Park,1197,998,83.4%,783,659,322,270,45,41,10,7,29,23,1160,977,37,20,65.4%,66.0%,26.9%,27.1%,3.8%,4.1%,0.8%,0.7%,2.4%,2.3%,96.9%,97.9%,3.1%,2.0%,650,611,39,94.0%,6.0%
420031102004,1102,004,Highland Park,1230,972,79.0%,665,580,502,357,7,6,20,12,38,24,1194,955,36,16,54.1%,59.7%,40.8%,36.7%,0.6%,0.6%,1.6%,1.2%,3.1%,2.5%,97.1%,98.3%,2.9%,1.6%,646,544,102,84.2%,15.8%
420031106001,1106,001,Highland Park,969,755,77.9%,640,538,249,175,41,29,7,5,40,17,937,747,32,6,66.0%,71.3%,25.7%,23.2%,4.2%,3.8%,0.7%,0.7%,4.1%,2.3%,96.7%,98.9%,3.3%,0.8%,434,408,26,94.0%,6.0%
420031106002,1106,002,Highland Park,716,584,81.6%,659,538,34,31,14,12,3,2,7,6,710,583,6,1,92.0%,92.1%,4.7%,5.3%,2.0%,2.1%,0.4%,0.3%,1.0%,1.0%,99.2%,99.8%,0.8%,0.2%,313,303,10,96.8%,3.2%
420031106003,1106,003,Highland Park,721,562,77.9%,436,359,235,170,21,16,14,11,23,19,706,556,15,6,60.5%,63.9%,32.6%,30.2%,2.9%,2.8%,1.9%,2.0%,3.2%,3.4%,97.9%,98.9%,2.1%,1.1%,361,323,38,89.5%,10.5%
420039801001,9801,001,Highland Park,18,15,83.3%,18,15,0,0,0,0,0,0,0,0,18,15,0,0,100.0%,100.0%,0.0%,0.0%,0.0%,0.0%,0.0%,0.0%,0.0%,0.0%,100.0%,100.0%,0.0%,0.0%,8,8,0,100.0%,0.0%
420031301001,1301,001,Homewood North,821,529,64.4%,20,12,766,500,0,0,1,1,8,6,787,513,34,15,2.4%,2.3%,93.3%,94.5%,0.0%,0.0%,0.1%,0.2%,1.0%,1.1%,95.9%,97.0%,4.1%,2.8%,424,315,109,74.3%,25.7%
420031301002,1301,002,Homewood North,546,380,69.6%,11,9,493,348,1,1,21,7,23,10,526,365,20,14,2.0%,2.4%,90.3%,91.6%,0.2%,0.3%,3.8%,1.8%,4.2%,2.6%,96.3%,96.1%,3.7%,3.7%,306,213,93,69.6%,30.4%
420031301003,1301,003,Homewood North,543,397,73.1%,16,11,510,373,1,1,5,5,5,3,532,390,11,6,2.9%,2.8%,93.9%,94.0%,0.2%,0.3%,0.9%,1.3%,0.9%,0.8%,98.0%,98.2%,2.0%,1.5%,343,237,106,69.1%,30.9%
420031302001,1302,001,Homewood North,662,468,70.7%,5,5,625,448,1,1,22,11,14,8,653,465,9,3,0.8%,1.1%,94.4%,95.7%,0.2%,0.2%,3.3%,2.4%,2.1%,1.7%,98.6%,99.4%,1.4%,0.6%,310,233,77,75.2%,24.8%
420031302002,1302,002,Homewood North,708,542,76.6%,16,12,666,517,4,3,3,3,11,7,689,535,19,7,2.3%,2.2%,94.1%,95.4%,0.6%,0.6%,0.4%,0.6%,1.6%,1.3%,97.3%,98.7%,2.7%,1.3%,424,296,128,69.8%,30.2%
420031303001,1303,001,Homewood South,361,266,73.7%,6,6,338,249,1,1,3,3,8,5,348,259,13,5,1.7%,2.3%,93.6%,93.6%,0.3%,0.4%,0.8%,1.1%,2.2%,1.9%,96.4%,97.4%,3.6%,1.9%,311,188,123,60.5%,39.5%
420031303002,1303,002,Homewood South,286,211,73.8%,7,5,271,201,0,0,0,0,1,1,278,206,8,5,2.4%,2.4%,94.8%,95.3%,0.0%,0.0%,0.0%,0.0%,0.3%,0.5%,97.2%,97.6%,2.8%,2.4%,175,125,50,71.4%,28.6%
420031303003,1303,003,Homewood South,506,410,81.0%,12,10,474,385,1,1,5,4,3,0,492,400,14,10,2.4%,2.4%,93.7%,93.9%,0.2%,0.2%,1.0%,1.0%,0.6%,0.0%,97.2%,97.6%,2.8%,2.4%,340,279,61,82.1%,17.9%
420031304001,1304,001,Homewood South,399,276,69.2%,7,7,380,261,1,1,4,3,1,1,392,272,7,4,1.8%,2.5%,95.2%,94.6%,0.3%,0.4%,1.0%,1.1%,0.3%,0.4%,98.2%,98.6%,1.8%,1.4%,223,164,59,73.5%,26.5%
420031304002,1304,002,Homewood South,482,316,65.6%,10,6,461,303,0,0,4,2,5,5,475,311,7,5,2.1%,1.9%,95.6%,95.9%,0.0%,0.0%,0.8%,0.6%,1.0%,1.6%,98.5%,98.4%,1.5%,1.6%,269,197,72,73.2%,26.8%
420031304003,1304,003,Homewood South,310,217,70.0%,4,4,296,210,4,2,3,1,3,0,307,217,3,0,1.3%,1.8%,95.5%,96.8%,1.3%,0.9%,1.0%,0.5%,1.0%,0.0%,99.0%,100.0%,1.0%,0.0%,189,126,63,66.7%,33.3%
420031207001,1207,001,Homewood West,460,372,80.9%,11,7,445,361,0,0,2,2,5,3,458,370,2,2,2.4%,1.9%,96.7%,97.0%,0.0%,0.0%,0.4%,0.5%,1.1%,0.8%,99.6%,99.5%,0.4%,0.5%,328,258,70,78.7%,21.3%
420031207002,1207,002,Homewood West,358,260,72.6%,8,8,337,244,1,1,2,2,2,1,348,255,10,4,2.2%,3.1%,94.1%,93.8%,0.3%,0.4%,0.6%,0.8%,0.6%,0.4%,97.2%,98.1%,2.8%,1.5%,204,156,48,76.5%,23.5%
420033001001,3001,001,Knoxville,403,279,69.2%,146,132,234,136,2,2,2,2,2,2,384,272,19,7,36.2%,47.3%,58.1%,48.7%,0.5%,0.7%,0.5%,0.7%,0.5%,0.7%,95.3%,97.5%,4.7%,2.5%,181,146,35,80.7%,19.3%
420033001002,3001,002,Knoxville,504,348,69.0%,124,106,338,226,5,5,9,4,5,4,476,341,28,7,24.6%,30.5%,67.1%,64.9%,1.0%,1.4%,1.8%,1.1%,1.0%,1.1%,94.4%,98.0%,5.6%,2.0%,242,188,54,77.7%,22.3%
420033001003,3001,003,Knoxville,813,599,73.7%,233,203,539,379,2,1,12,7,11,6,786,590,27,9,28.7%,33.9%,66.3%,63.3%,0.2%,0.2%,1.5%,1.2%,1.4%,1.0%,96.7%,98.5%,3.3%,1.5%,471,346,125,73.5%,26.5%
420033001004,3001,004,Knoxville,720,492,68.3%,308,258,367,213,9,8,5,2,17,8,689,481,31,7,42.8%,52.4%,51.0%,43.3%,1.3%,1.6%,0.7%,0.4%,2.4%,1.6%,95.7%,97.8%,4.3%,1.4%,351,280,71,79.8%,20.2%
420033001005,3001,005,Knoxville,639,422,66.0%,367,293,240,121,9,4,2,0,4,2,618,418,21,2,57.4%,69.4%,37.6%,28.7%,1.4%,0.9%,0.3%,0.0%,0.6%,0.5%,96.7%,99.1%,3.3%,0.5%,285,215,70,75.4%,24.6%
420033001006,3001,006,Knoxville,668,497,74.4%,425,356,212,122,6,5,3,2,10,8,646,485,22,11,63.6%,71.6%,31.7%,24.5%,0.9%,1.0%,0.4%,0.4%,1.5%,1.6%,96.7%,97.6%,3.3%,2.2%,327,285,42,87.2%,12.8%
420031204001,1204,001,Larimer,543,390,71.8%,15,12,491,357,6,6,2,2,8,8,514,377,29,13,2.8%,3.1%,90.4%,91.5%,1.1%,1.5%,0.4%,0.5%,1.5%,2.1%,94.7%,96.7%,5.3%,3.3%,285,215,70,75.4%,24.6%
420031204002,1204,002,Larimer,326,271,83.1%,20,20,284,235,12,7,7,6,3,3,323,268,3,3,6.1%,7.4%,87.1%,86.7%,3.7%,2.6%,2.1%,2.2%,0.9%,1.1%,99.1%,98.9%,0.9%,1.1%,208,151,57,72.6%,27.4%
420031208001,1208,001,Larimer,355,239,67.3%,22,21,315,207,2,2,2,2,9,6,341,232,14,5,6.2%,8.8%,88.7%,86.6%,0.6%,0.8%,0.6%,0.8%,2.5%,2.5%,96.1%,97.1%,3.9%,2.1%,185,132,53,71.4%,28.6%
420031208002,1208,002,Larimer,504,419,83.1%,98,98,393,313,0,0,6,5,12,5,497,416,7,3,19.4%,23.4%,78.0%,74.7%,0.0%,0.0%,1.2%,1.2%,2.4%,1.2%,98.6%,99.3%,1.4%,0.7%,214,164,50,76.6%,23.4%
420033102001,3102,001,Lincoln Place,662,529,79.9%,625,507,19,15,4,3,1,1,8,6,649,526,13,3,94.4%,95.8%,2.9%,2.8%,0.6%,0.6%,0.2%,0.2%,1.2%,1.1%,98.0%,99.4%,2.0%,0.6%,311,293,18,94.2%,5.8%
420033102002,3102,002,Lincoln Place,655,528,80.6%,650,524,3,2,0,0,2,2,2,2,655,528,0,0,99.2%,99.2%,0.5%,0.4%,0.0%,0.0%,0.3%,0.4%,0.3%,0.4%,100.0%,100.0%,0.0%,0.0%,293,275,18,93.9%,6.1%
420033102003,3102,003,Lincoln Place,545,474,87.0%,527,460,8,7,1,1,5,3,1,1,541,471,4,3,96.7%,97.0%,1.5%,1.5%,0.2%,0.2%,0.9%,0.6%,0.2%,0.2%,99.3%,99.4%,0.7%,0.6%,281,262,19,93.2%,6.8%
420033102004,3102,004,Lincoln Place,720,606,84.2%,700,593,9,7,2,2,2,1,2,2,713,603,7,3,97.2%,97.9%,1.3%,1.2%,0.3%,0.3%,0.3%,0.2%,0.3%,0.3%,99.0%,99.5%,1.0%,0.5%,373,345,28,92.5%,7.5%
420033102005,3102,005,Lincoln Place,645,526,81.6%,629,516,9,6,0,0,1,1,6,3,639,523,6,3,97.5%,98.1%,1.4%,1.1%,0.0%,0.0%,0.2%,0.2%,0.9%,0.6%,99.1%,99.4%,0.9%,0.6%,311,280,31,90.0%,10.0%
420031203001,1203,001,Lincoln-Lemington-Belmar,952,690,72.5%,31,29,900,652,0,0,4,1,6,4,935,682,17,8,3.3%,4.2%,94.5%,94.5%,0.0%,0.0%,0.4%,0.1%,0.6%,0.6%,98.2%,98.8%,1.8%,1.2%,537,421,116,78.4%,21.6%
420031203002,1203,002,Lincoln-Lemington-Belmar,698,522,74.8%,7,7,672,501,0,0,3,3,3,3,682,511,16,9,1.0%,1.3%,96.3%,96.0%,0.0%,0.0%,0.4%,0.6%,0.4%,0.6%,97.7%,97.9%,2.3%,1.7%,385,297,88,77.1%,22.9%
420035619001,5619,001,Lincoln-Lemington-Belmar,888,669,75.3%,34,26,826,628,0,0,5,4,9,4,865,658,23,10,3.8%,3.9%,93.0%,93.9%,0.0%,0.0%,0.6%,0.6%,1.0%,0.6%,97.4%,98.4%,2.6%,1.5%,400,344,56,86.0%,14.0%
420035619002,5619,002,Lincoln-Lemington-Belmar,1344,1025,76.3%,23,21,1277,972,0,0,10,7,20,16,1310,1000,34,22,1.7%,2.0%,95.0%,94.8%,0.0%,0.0%,0.7%,0.7%,1.5%,1.6%,97.5%,97.6%,2.5%,2.1%,774,624,150,80.6%,19.4%
420039800001,9800,001,Lincoln-Lemington-Belmar,540,460,85.2%,432,372,21,19,81,64,1,1,7,7,535,456,5,3,80.0%,80.9%,3.9%,4.1%,15.0%,13.9%,0.2%,0.2%,1.3%,1.5%,99.1%,99.1%,0.9%,0.7%,412,304,108,73.8%,26.2%
420039818001,9818,001,Lincoln-Lemington-Belmar,461,434,94.1%,261,253,180,164,2,2,5,3,14,10,448,422,13,10,56.6%,58.3%,39.0%,37.8%,0.4%,0.5%,1.1%,0.7%,3.0%,2.3%,97.2%,97.2%,2.8%,2.3%,43,43,0,100.0%,0.0%
420030603001,0603,001,Lower Lawrenceville,1114,912,81.9%,721,650,316,208,30,27,18,11,15,13,1085,896,29,13,64.7%,71.3%,28.4%,22.8%,2.7%,3.0%,1.6%,1.2%,1.3%,1.4%,97.4%,98.2%,2.6%,1.4%,635,537,98,84.6%,15.4%
420030603002,0603,002,Lower Lawrenceville,1227,1079,87.9%,928,862,230,166,29,23,11,9,15,13,1198,1060,29,18,75.6%,79.9%,18.7%,15.4%,2.4%,2.1%,0.9%,0.8%,1.2%,1.2%,97.6%,98.2%,2.4%,1.7%,751,643,108,85.6%,14.4%
420032107001,2107,001,Manchester,1336,1089,81.5%,258,235,1019,807,12,10,9,8,23,20,1298,1060,38,23,19.3%,21.6%,76.3%,74.1%,0.9%,0.9%,0.7%,0.7%,1.7%,1.8%,97.2%,97.3%,2.8%,2.1%,860,702,158,81.6%,18.4%
420032107002,2107,002,Manchester,794,581,73.2%,82,73,688,489,1,1,5,4,6,6,776,567,18,13,10.3%,12.6%,86.6%,84.2%,0.1%,0.2%,0.6%,0.7%,0.8%,1.0%,97.7%,97.6%,2.3%,2.2%,459,334,125,72.8%,27.2%
420032704001,2704,001,Marshall-Shadeland,1079,853,79.1%,546,479,487,350,4,3,7,3,11,9,1044,835,35,18,50.6%,56.2%,45.1%,41.0%,0.4%,0.4%,0.6%,0.4%,1.0%,1.1%,96.8%,97.9%,3.2%,2.1%,552,473,79,85.7%,14.3%
420032715001,2715,001,Marshall-Shadeland,809,620,76.6%,529,445,249,159,1,1,6,6,8,5,785,611,24,9,65.4%,71.8%,30.8%,25.6%,0.1%,0.2%,0.7%,1.0%,1.0%,0.8%,97.0%,98.5%,3.0%,1.5%,428,359,69,83.9%,16.1%
420032715002,2715,002,Marshall-Shadeland,1264,971,76.8%,597,551,629,400,6,4,13,4,7,6,1245,959,19,12,47.2%,56.7%,49.8%,41.2%,0.5%,0.4%,1.0%,0.4%,0.6%,0.6%,98.5%,98.8%,1.5%,1.2%,677,524,153,77.4%,22.6%
420032715003,2715,003,Marshall-Shadeland,1094,827,75.6%,595,508,438,294,1,1,16,6,19,8,1050,809,44,17,54.4%,61.4%,40.0%,35.6%,0.1%,0.1%,1.5%,0.7%,1.7%,1.0%,96.0%,97.8%,4.0%,2.1%,596,471,125,79.0%,21.0%
420039809001,9809,001,Marshall-Shadeland,1797,1796,99.9%,841,841,815,814,3,3,136,136,131,131,1795,1794,2,2,46.8%,46.8%,45.4%,45.3%,0.2%,0.2%,7.6%,7.6%,7.3%,7.3%,99.9%,99.9%,0.1%,0.1%,0,0,0,,
420030501001,0501,001,Middle Hill,564,457,81.0%,17,15,532,431,1,1,1,0,1,1,551,447,13,10,3.0%,3.3%,94.3%,94.3%,0.2%,0.2%,0.2%,0.0%,0.2%,0.2%,97.7%,97.8%,2.3%,2.2%,363,277,86,76.3%,23.7%
420030501002,0501,002,Middle Hill,416,340,81.7%,21,21,389,314,0,0,0,0,4,4,410,335,6,5,5.0%,6.2%,93.5%,92.4%,0.0%,0.0%,0.0%,0.0%,1.0%,1.2%,98.6%,98.5%,1.4%,1.5%,306,241,65,78.8%,21.2%
420030501003,0501,003,Middle Hill,727,612,84.2%,27,26,689,578,1,1,2,2,10,7,719,607,8,4,3.7%,4.2%,94.8%,94.4%,0.1%,0.2%,0.3%,0.3%,1.4%,1.1%,98.9%,99.2%,1.1%,0.7%,451,402,49,89.1%,10.9%
420031014001,1014,001,Morningside,1124,914,81.3%,981,822,104,66,11,9,8,6,23,16,1104,903,20,8,87.3%,89.9%,9.3%,7.2%,1.0%,1.0%,0.7%,0.7%,2.0%,1.8%,98.2%,98.8%,1.8%,0.9%,547,511,36,93.4%,6.6%
420031014002,1014,002,Morningside,670,541,80.7%,550,468,98,60,1,1,4,3,7,4,653,532,17,8,82.1%,86.5%,14.6%,11.1%,0.1%,0.2%,0.6%,0.6%,1.0%,0.7%,97.5%,98.3%,2.5%,1.5%,333,316,17,94.9%,5.1%
420031014003,1014,003,Morningside,822,664,80.8%,443,395,326,240,4,3,15,8,18,14,788,646,34,17,53.9%,59.5%,39.7%,36.1%,0.5%,0.5%,1.8%,1.2%,2.2%,2.1%,95.9%,97.3%,4.1%,2.6%,425,380,45,89.4%,10.6%
420031014004,1014,004,Morningside,730,629,86.2%,678,594,24,18,17,14,2,1,4,3,721,627,9,2,92.9%,94.4%,3.3%,2.9%,2.3%,2.2%,0.3%,0.2%,0.5%,0.5%,98.8%,99.7%,1.2%,0.3%,338,319,19,94.4%,5.6%
420031807001,1807,001,Mount Washington,620,554,89.4%,560,512,32,25,2,2,17,10,17,11,611,549,9,5,90.3%,92.4%,5.2%,4.5%,0.3%,0.4%,2.7%,1.8%,2.7%,2.0%,98.5%,99.1%,1.5%,0.9%,370,319,51,86.2%,13.8%
420031807002,1807,002,Mount Washington,689,555,80.6%,557,481,112,65,1,1,5,4,7,3,675,551,14,4,80.8%,86.7%,16.3%,11.7%,0.1%,0.2%,0.7%,0.7%,1.0%,0.5%,98.0%,99.3%,2.0%,0.7%,356,301,55,84.6%,15.4%
420031807003,1807,003,Mount Washington,702,547,77.9%,420,378,247,152,4,4,8,5,19,11,679,539,23,8,59.8%,69.1%,35.2%,27.8%,0.6%,0.7%,1.1%,0.9%,2.7%,2.0%,96.7%,98.5%,3.3%,1.5%,343,280,63,81.6%,18.4%
420031903001,1903,001,Mount Washington,1233,1154,93.6%,1173,1106,30,26,14,12,4,4,12,11,1221,1148,12,6,95.1%,95.8%,2.4%,2.3%,1.1%,1.0%,0.3%,0.3%,1.0%,1.0%,99.0%,99.5%,1.0%,0.5%,736,646,90,87.8%,12.2%
420031903002,1903,002,Mount Washington,712,666,93.5%,675,642,23,17,3,3,1,1,3,3,702,663,10,1,94.8%,96.4%,3.2%,2.6%,0.4%,0.5%,0.1%,0.2%,0.4%,0.5%,98.6%,99.5%,1.4%,0.2%,466,414,52,88.8%,11.2%
420031914001,1914,001,Mount Washington,1413,1342,95.0%,1297,1246,65,57,13,13,10,9,30,24,1385,1325,28,15,91.8%,92.8%,4.6%,4.2%,0.9%,1.0%,0.7%,0.7%,2.1%,1.8%,98.0%,98.7%,2.0%,1.1%,986,858,128,87.0%,13.0%
420031914002,1914,002,Mount Washington,1383,1130,81.7%,1119,975,204,129,10,7,9,4,22,13,1342,1115,41,15,80.9%,86.3%,14.8%,11.4%,0.7%,0.6%,0.7%,0.4%,1.6%,1.2%,97.0%,98.7%,3.0%,1.3%,750,634,116,84.5%,15.5%
420031915001,1915,001,Mount Washington,680,591,86.9%,558,507,87,63,8,8,7,5,11,11,660,583,20,6,82.1%,85.8%,12.8%,10.7%,1.2%,1.4%,1.0%,0.8%,1.6%,1.9%,97.1%,98.6%,2.9%,1.0%,387,343,44,88.6%,11.4%
420031915002,1915,002,Mount Washington,1367,1207,88.3%,1202,1096,106,78,8,8,9,9,19,18,1325,1191,42,15,87.9%,90.8%,7.8%,6.5%,0.6%,0.7%,0.7%,0.7%,1.4%,1.5%,96.9%,98.7%,3.1%,1.2%,781,673,108,86.2%,13.8%
420035617002,5617,002,Mt. Oliver,509,376,73.9%,296,246,192,118,2,2,5,5,9,5,495,371,14,4,58.2%,65.4%,37.7%,31.4%,0.4%,0.5%,1.0%,1.3%,1.8%,1.3%,97.2%,98.7%,2.8%,1.1%,232,194,38,83.6%,16.4%
420033103001,3103,001,New Homestead,990,789,79.7%,868,703,88,69,5,3,6,5,17,12,967,780,23,9,87.7%,89.1%,8.9%,8.7%,0.5%,0.4%,0.6%,0.6%,1.7%,1.5%,97.7%,98.9%,2.3%,1.1%,429,403,26,93.9%,6.1%
420030404001,0404,001,North Oakland,636,633,99.5%,351,348,17,17,237,237,11,11,30,30,616,613,20,18,55.2%,55.0%,2.7%,2.7%,37.3%,37.4%,1.7%,1.7%,4.7%,4.7%,96.9%,96.8%,3.1%,2.8%,375,359,16,95.7%,4.3%
420030404002,0404,002,North Oakland,1852,1834,99.0%,1167,1158,69,68,529,521,43,43,65,65,1808,1790,44,38,63.0%,63.1%,3.7%,3.7%,28.6%,28.4%,2.3%,2.3%,3.5%,3.5%,97.6%,97.6%,2.4%,2.1%,1105,1010,95,91.4%,8.6%
420035620001,5620,001,North Oakland,1367,1325,96.9%,875,853,98,96,344,329,18,15,42,38,1335,1293,32,31,64.0%,64.4%,7.2%,7.2%,25.2%,24.8%,1.3%,1.1%,3.1%,2.9%,97.7%,97.6%,2.3%,2.3%,935,891,44,95.3%,4.7%
420035620002,5620,002,North Oakland,1168,1137,97.3%,802,787,178,169,130,128,20,19,44,39,1130,1103,38,30,68.7%,69.2%,15.2%,14.9%,11.1%,11.3%,1.7%,1.7%,3.8%,3.4%,96.7%,97.0%,3.3%,2.6%,800,765,35,95.6%,4.4%
420035620003,5620,003,North Oakland,712,662,93.0%,499,474,131,127,52,46,7,3,23,13,689,650,23,11,70.1%,71.6%,18.4%,19.2%,7.3%,6.9%,1.0%,0.5%,3.2%,2.0%,96.8%,98.2%,3.2%,1.7%,377,364,13,96.6%,3.4%
420039822001,9822,001,North Oakland,4816,4811,99.9%,4004,4003,364,363,315,314,14,14,80,80,4697,4694,119,110,83.1%,83.2%,7.6%,7.5%,6.5%,6.5%,0.3%,0.3%,1.7%,1.7%,97.5%,97.6%,2.5%,2.3%,169,165,4,97.6%,2.4%
420035632001,5632,001,North Shore,303,295,97.4%,253,248,14,13,17,17,4,4,11,11,288,282,15,10,83.5%,84.1%,4.6%,4.4%,5.6%,5.8%,1.3%,1.4%,3.6%,3.7%,95.0%,95.6%,5.0%,3.4%,241,206,35,85.5%,14.5%
420039812001,9812,001,North Shore,0,0,,0,0,0,0,0,0,0,0,0,0,0,0,0,0,,,,,,,,,,,,,,,0,0,0,,
420032609001,2609,001,Northview Heights,1214,699,57.6%,57,48,1099,635,1,1,5,3,25,14,1162,687,52,12,4.7%,6.9%,90.5%,90.8%,0.1%,0.1%,0.4%,0.4%,2.1%,2.0%,95.7%,98.3%,4.3%,1.7%,723,460,263,63.6%,36.4%
420035628002,5628,002,Oakwood,1027,866,84.3%,927,788,60,53,11,10,9,6,11,9,1007,857,20,9,90.3%,91.0%,5.8%,6.1%,1.1%,1.2%,0.9%,0.7%,1.1%,1.0%,98.1%,99.0%,1.9%,1.0%,571,545,26,95.4%,4.6%
420033204001,3204,001,Overbrook,754,634,84.1%,719,611,23,16,6,5,1,0,7,6,749,632,5,2,95.4%,96.4%,3.1%,2.5%,0.8%,0.8%,0.1%,0.0%,0.9%,0.9%,99.3%,99.7%,0.7%,0.3%,330,308,22,93.3%,6.7%
420033204002,3204,002,Overbrook,664,539,81.2%,608,504,33,19,10,8,2,2,2,2,653,533,11,6,91.6%,93.5%,5.0%,3.5%,1.5%,1.5%,0.3%,0.4%,0.3%,0.4%,98.3%,98.9%,1.7%,1.1%,292,279,13,95.5%,4.5%
420033204003,3204,003,Overbrook,576,488,84.7%,526,460,28,18,13,7,1,1,10,7,568,486,8,1,91.3%,94.3%,4.9%,3.7%,2.3%,1.4%,0.2%,0.2%,1.7%,1.4%,98.6%,99.6%,1.4%,0.2%,293,268,25,91.5%,8.5%
420033207001,3207,001,Overbrook,1137,926,81.4%,1080,893,41,27,1,1,2,2,12,9,1124,923,13,3,95.0%,96.4%,3.6%,2.9%,0.1%,0.1%,0.2%,0.2%,1.1%,1.0%,98.9%,99.7%,1.1%,0.3%,534,493,41,92.3%,7.7%
420033207002,3207,002,Overbrook,513,436,85.0%,490,424,4,3,3,3,4,4,8,5,501,434,12,2,95.5%,97.2%,0.8%,0.7%,0.6%,0.7%,0.8%,0.9%,1.6%,1.1%,97.7%,99.5%,2.3%,0.5%,257,237,20,92.2%,7.8%
420032602001,2602,001,Perry North,684,540,78.9%,487,423,144,94,5,5,21,10,36,18,657,532,27,7,71.2%,78.3%,21.1%,17.4%,0.7%,0.9%,3.1%,1.9%,5.3%,3.3%,96.1%,98.5%,3.9%,1.3%,316,282,34,89.2%,10.8%
420032602002,2602,002,Perry North,1030,832,80.8%,653,573,332,225,16,16,2,2,14,8,1003,816,27,16,63.4%,68.9%,32.2%,27.0%,1.6%,1.9%,0.2%,0.2%,1.4%,1.0%,97.4%,98.1%,2.6%,1.9%,480,418,62,87.1%,12.9%
420032602003,2602,003,Perry North,571,428,75.0%,386,323,162,92,1,1,3,2,2,2,552,418,19,10,67.6%,75.5%,28.4%,21.5%,0.2%,0.2%,0.5%,0.5%,0.4%,0.5%,96.7%,97.7%,3.3%,2.3%,283,235,48,83.0%,17.0%
420032607001,2607,001,Perry North,745,577,77.4%,425,354,296,206,4,3,4,3,6,6,729,566,16,11,57.0%,61.4%,39.7%,35.7%,0.5%,0.5%,0.5%,0.5%,0.8%,1.0%,97.9%,98.1%,2.1%,1.9%,365,316,49,86.6%,13.4%
420032607002,2607,002,Perry North,999,756,75.7%,568,464,374,267,10,7,9,7,13,9,961,745,38,10,56.9%,61.4%,37.4%,35.3%,1.0%,0.9%,0.9%,0.9%,1.3%,1.2%,96.2%,98.5%,3.8%,1.3%,470,414,56,88.1%,11.9%
420039804001,9804,001,Perry North,21,21,100.0%,19,19,2,2,0,0,0,0,0,0,21,21,0,0,90.5%,90.5%,9.5%,9.5%,0.0%,0.0%,0.0%,0.0%,0.0%,0.0%,100.0%,100.0%,0.0%,0.0%,15,14,1,93.3%,6.7%
420032614001,2614,001,Perry South,692,443,64.0%,38,37,626,393,3,1,7,4,10,3,674,435,18,7,5.5%,8.4%,90.5%,88.7%,0.4%,0.2%,1.0%,0.9%,1.4%,0.7%,97.4%,98.2%,2.6%,1.6%,336,264,72,78.6%,21.4%
420032614002,2614,002,Perry South,524,397,75.8%,227,196,280,192,2,2,2,2,0,0,511,392,13,5,43.3%,49.4%,53.4%,48.4%,0.4%,0.5%,0.4%,0.5%,0.0%,0.0%,97.5%,98.7%,2.5%,1.3%,368,236,132,64.1%,35.9%
420032614003,2614,003,Perry South,620,473,76.3%,111,104,481,355,5,3,8,5,10,6,605,467,15,6,17.9%,22.0%,77.6%,75.1%,0.8%,0.6%,1.3%,1.1%,1.6%,1.3%,97.6%,98.7%,2.4%,1.3%,440,319,121,72.5%,27.5%
420032614004,2614,004,Perry South,637,495,77.7%,246,205,368,278,2,2,8,2,7,6,624,487,13,7,38.6%,41.4%,57.8%,56.2%,0.3%,0.4%,1.3%,0.4%,1.1%,1.2%,98.0%,98.4%,2.0%,1.4%,279,228,51,81.7%,18.3%
420032615001,2615,001,Perry South,811,616,76.0%,176,161,585,419,7,6,15,12,4,4,783,598,28,18,21.7%,26.1%,72.1%,68.0%,0.9%,1.0%,1.8%,1.9%,0.5%,0.6%,96.5%,97.1%,3.5%,2.9%,486,372,114,76.5%,23.5%
420032615002,2615,002,Perry South,861,653,75.8%,302,276,509,352,2,2,12,6,13,9,825,636,36,16,35.1%,42.3%,59.1%,53.9%,0.2%,0.3%,1.4%,0.9%,1.5%,1.4%,95.8%,97.4%,4.2%,2.5%,452,387,65,85.6%,14.4%
420031404001,1404,001,Point Breeze,707,561,79.3%,628,505,28,20,30,26,2,1,17,11,688,552,19,9,88.8%,90.0%,4.0%,3.6%,4.2%,4.6%,0.3%,0.2%,2.4%,2.0%,97.3%,98.4%,2.7%,1.6%,322,306,16,95.0%,5.0%
420031404002,1404,002,Point Breeze,644,488,75.8%,583,451,12,7,31,24,9,2,15,8,635,484,9,3,90.5%,92.4%,1.9%,1.4%,4.8%,4.9%,1.4%,0.4%,2.3%,1.6%,98.6%,99.2%,1.4%,0.6%,259,253,6,97.7%,2.3%
420031404003,1404,003,Point Breeze,955,748,78.3%,883,703,15,12,34,22,14,6,30,20,946,743,9,5,92.5%,94.0%,1.6%,1.6%,3.6%,2.9%,1.5%,0.8%,3.1%,2.7%,99.1%,99.3%,0.9%,0.7%,408,389,19,95.3%,4.7%
420031406001,1406,001,Point Breeze,1261,1014,80.4%,1161,946,36,30,33,26,9,3,26,16,1239,1005,22,9,92.1%,93.3%,2.9%,3.0%,2.6%,2.6%,0.7%,0.3%,2.1%,1.6%,98.3%,99.1%,1.7%,0.9%,592,567,25,95.8%,4.2%
420031406002,1406,002,Point Breeze,772,606,78.5%,651,514,60,50,36,31,6,3,23,11,753,598,19,7,84.3%,84.8%,7.8%,8.3%,4.7%,5.1%,0.8%,0.5%,3.0%,1.8%,97.5%,98.7%,2.5%,1.2%,352,333,19,94.6%,5.4%
420031406003,1406,003,Point Breeze,969,818,84.4%,825,699,95,83,14,13,9,9,26,22,943,804,26,10,85.1%,85.5%,9.8%,10.1%,1.4%,1.6%,0.9%,1.1%,2.7%,2.7%,97.3%,98.3%,2.7%,1.2%,546,510,36,93.4%,6.6%
420039811001,9811,001,Point Breeze,7,6,85.7%,6,5,1,1,0,0,0,0,0,0,7,6,0,0,85.7%,83.3%,14.3%,16.7%,0.0%,0.0%,0.0%,0.0%,0.0%,0.0%,100.0%,100.0%,0.0%,0.0%,4,4,0,100.0%,0.0%
420031405001,1405,001,Point Breeze North,811,663,81.8%,225,212,516,404,19,19,10,5,16,10,770,640,41,21,27.7%,32.0%,63.6%,60.9%,2.3%,2.9%,1.2%,0.8%,2.0%,1.5%,94.9%,96.5%,5.1%,3.2%,447,400,47,89.5%,10.5%
420031405002,1405,002,Point Breeze North,521,434,83.3%,123,116,354,290,2,2,9,7,24,17,488,415,33,14,23.6%,26.7%,67.9%,66.8%,0.4%,0.5%,1.7%,1.6%,4.6%,3.9%,93.7%,95.6%,6.3%,3.2%,313,252,61,80.5%,19.5%
420031405003,1405,003,Point Breeze North,722,627,86.8%,373,338,267,233,43,39,11,7,29,15,694,617,28,9,51.7%,53.9%,37.0%,37.2%,6.0%,6.2%,1.5%,1.1%,4.0%,2.4%,96.1%,98.4%,3.9%,1.4%,407,387,20,95.1%,4.9%
420030605001,0605,001,Polish Hill,668,603,90.3%,549,520,88,60,10,9,3,2,12,6,650,591,18,12,82.2%,86.2%,13.2%,10.0%,1.5%,1.5%,0.4%,0.3%,1.8%,1.0%,97.3%,98.0%,2.7%,2.0%,506,406,100,80.2%,19.8%
420030605002,0605,002,Polish Hill,606,516,85.1%,507,458,67,39,6,6,6,5,16,16,586,508,20,6,83.7%,88.8%,11.1%,7.6%,1.0%,1.2%,1.0%,1.0%,2.6%,3.1%,96.7%,98.4%,3.3%,1.2%,343,291,52,84.8%,15.2%
420031410001,1410,001,Regent Square,928,777,83.7%,857,725,17,16,29,24,9,4,23,15,912,769,16,6,92.3%,93.3%,1.8%,2.1%,3.1%,3.1%,1.0%,0.5%,2.5%,1.9%,98.3%,99.0%,1.7%,0.8%,479,456,23,95.2%,4.8%
420035631003,5631,003,Ridgemont,483,391,81.0%,442,373,31,15,6,2,4,1,7,3,483,391,0,0,91.5%,95.4%,6.4%,3.8%,1.2%,0.5%,0.8%,0.3%,1.4%,0.8%,100.0%,100.0%,0.0%,0.0%,218,209,9,95.9%,4.1%
420030703001,0703,001,Shadyside,693,674,97.3%,594,581,16,16,71,67,5,5,26,26,686,669,7,5,85.7%,86.2%,2.3%,2.4%,10.2%,9.9%,0.7%,0.7%,3.8%,3.9%,99.0%,99.3%,1.0%,0.7%,453,424,29,93.6%,6.4%
420030703002,0703,002,Shadyside,778,742,95.4%,564,536,83,83,103,98,10,10,29,26,760,727,18,13,72.5%,72.2%,10.7%,11.2%,13.2%,13.2%,1.3%,1.3%,3.7%,3.5%,97.7%,98.0%,2.3%,1.8%,448,391,57,87.3%,12.7%
420030703003,0703,003,Shadyside,726,634,87.3%,605,527,28,25,83,77,1,1,9,8,717,630,9,4,83.3%,83.1%,3.9%,3.9%,11.4%,12.1%,0.1%,0.2%,1.2%,1.3%,98.8%,99.4%,1.2%,0.6%,393,363,30,92.4%,7.6%
420030705001,0705,001,Shadyside,1257,1173,93.3%,957,896,45,42,223,214,8,6,34,27,1233,1158,24,13,76.1%,76.4%,3.6%,3.6%,17.7%,18.2%,0.6%,0.5%,2.7%,2.3%,98.1%,98.7%,1.9%,1.1%,776,725,51,93.4%,6.6%
420030705002,0705,002,Shadyside,724,703,97.1%,601,589,28,28,72,68,6,5,22,21,707,690,17,11,83.0%,83.8%,3.9%,4.0%,9.9%,9.7%,0.8%,0.7%,3.0%,3.0%,97.7%,98.2%,2.3%,1.6%,485,455,30,93.8%,6.2%
420030705003,0705,003,Shadyside,1016,980,96.5%,730,712,59,52,197,189,6,6,34,32,992,959,24,16,71.9%,72.7%,5.8%,5.3%,19.4%,19.3%,0.6%,0.6%,3.3%,3.3%,97.6%,97.9%,2.4%,1.6%,718,651,67,90.7%,9.3%
420030706001,0706,001,Shadyside,921,828,89.9%,739,665,26,25,137,122,5,5,22,20,907,817,14,10,80.2%,80.3%,2.8%,3.0%,14.9%,14.7%,0.5%,0.6%,2.4%,2.4%,98.5%,98.7%,1.5%,1.2%,568,546,22,96.1%,3.9%
420030706002,0706,002,Shadyside,1161,1102,94.9%,985,936,29,29,112,106,16,14,43,37,1142,1085,19,16,84.8%,84.9%,2.5%,2.6%,9.6%,9.6%,1.4%,1.3%,3.7%,3.4%,98.4%,98.5%,1.6%,1.5%,788,742,46,94.2%,5.8%
420030708001,0708,001,Shadyside,725,676,93.2%,592,555,50,47,68,63,3,3,23,22,713,668,12,7,81.7%,82.1%,6.9%,7.0%,9.4%,9.3%,0.4%,0.4%,3.2%,3.3%,98.3%,98.8%,1.7%,1.0%,481,450,31,93.6%,6.4%
420030708002,0708,002,Shadyside,980,869,88.7%,673,632,34,33,238,180,12,11,40,37,957,856,23,12,68.7%,72.7%,3.5%,3.8%,24.3%,20.7%,1.2%,1.3%,4.1%,4.3%,97.7%,98.5%,2.3%,1.4%,607,571,36,94.1%,5.9%
420030709001,0709,001,Shadyside,1762,1676,95.1%,1188,1137,171,169,357,335,18,14,61,58,1734,1655,28,18,67.4%,67.8%,9.7%,10.1%,20.3%,20.0%,1.0%,0.8%,3.5%,3.5%,98.4%,98.7%,1.6%,1.1%,1110,1035,75,93.2%,6.8%
420030709002,0709,002,Shadyside,787,696,88.4%,484,423,64,54,195,181,19,16,35,26,762,674,25,19,61.5%,60.8%,8.1%,7.8%,24.8%,26.0%,2.4%,2.3%,4.4%,3.7%,96.8%,96.8%,3.2%,2.7%,472,435,37,92.2%,7.8%
420030709003,0709,003,Shadyside,892,864,96.9%,587,564,38,38,233,230,13,13,40,40,871,845,21,17,65.8%,65.3%,4.3%,4.4%,26.1%,26.6%,1.5%,1.5%,4.5%,4.6%,97.6%,97.8%,2.4%,2.0%,471,451,20,95.8%,4.2%
420030709004,0709,004,Shadyside,1493,1388,93.0%,706,663,80,75,675,620,5,5,40,40,1466,1363,27,24,47.3%,47.8%,5.4%,5.4%,45.2%,44.7%,0.3%,0.4%,2.7%,2.9%,98.2%,98.2%,1.8%,1.7%,840,798,42,95.0%,5.0%
420032022001,2022,001,Sheraden,1335,1050,78.7%,886,754,368,264,4,4,7,4,19,16,1265,1026,70,22,66.4%,71.8%,27.6%,25.1%,0.3%,0.4%,0.5%,0.4%,1.4%,1.5%,94.8%,97.7%,5.2%,2.1%,670,577,93,86.1%,13.9%
420032022002,2022,002,Sheraden,584,422,72.3%,282,231,281,186,4,2,1,1,8,5,568,420,16,2,48.3%,54.7%,48.1%,44.1%,0.7%,0.5%,0.2%,0.2%,1.4%,1.2%,97.3%,99.5%,2.7%,0.5%,270,220,50,81.5%,18.5%
420032022003,2022,003,Sheraden,649,518,79.8%,363,309,187,138,77,59,4,3,9,6,631,509,18,9,55.9%,59.7%,28.8%,26.6%,11.9%,11.4%,0.6%,0.6%,1.4%,1.2%,97.2%,98.3%,2.8%,1.7%,305,288,17,94.4%,5.6%
420035625002,5625,002,Sheraden,590,431,73.1%,325,282,234,130,8,8,3,0,3,2,570,420,20,11,55.1%,65.4%,39.7%,30.2%,1.4%,1.9%,0.5%,0.0%,0.5%,0.5%,96.6%,97.4%,3.4%,2.6%,279,230,49,82.4%,17.6%
420035625003,5625,003,Sheraden,907,657,72.4%,321,289,523,337,5,5,9,3,22,13,858,634,49,16,35.4%,44.0%,57.7%,51.3%,0.6%,0.8%,1.0%,0.5%,2.4%,2.0%,94.6%,96.5%,5.4%,2.4%,445,363,82,81.6%,18.4%
420035625004,5625,004,Sheraden,1234,849,68.8%,518,449,593,331,30,24,17,11,23,12,1158,815,76,31,42.0%,52.9%,48.1%,39.0%,2.4%,2.8%,1.4%,1.3%,1.9%,1.4%,93.8%,96.0%,6.2%,3.7%,540,454,86,84.1%,15.9%
420030409001,0409,001,South Oakland,1120,1070,95.5%,772,760,223,204,67,58,24,20,33,29,1086,1042,34,27,68.9%,71.0%,19.9%,19.1%,6.0%,5.4%,2.1%,1.9%,2.9%,2.7%,97.0%,97.4%,3.0%,2.5%,557,504,53,90.5%,9.5%
420030409002,0409,002,South Oakland,1140,1046,91.8%,730,705,271,219,96,84,13,12,36,32,1110,1020,30,24,64.0%,67.4%,23.8%,20.9%,8.4%,8.0%,1.1%,1.1%,3.2%,3.1%,97.4%,97.5%,2.6%,2.3%,582,512,70,88.0%,12.0%
420030409003,0409,003,South Oakland,709,643,90.7%,520,488,139,116,20,19,1,1,17,12,680,624,29,14,73.3%,75.9%,19.6%,18.0%,2.8%,3.0%,0.1%,0.2%,2.4%,1.9%,95.9%,97.0%,4.1%,2.2%,330,305,25,92.4%,7.6%
420039808001,9808,001,South Oakland,0,0,,0,0,0,0,0,0,0,0,0,0,0,0,0,0,,,,,,,,,,,,,,,0,0,0,,
420039807001,9807,001,South Shore,19,18,94.7%,19,18,0,0,0,0,0,0,0,0,19,18,0,0,100.0%,100.0%,0.0%,0.0%,0.0%,0.0%,0.0%,0.0%,0.0%,0.0%,100.0%,100.0%,0.0%,0.0%,15,10,5,66.7%,33.3%
420031609001,1609,001,South Side Flats,959,931,97.1%,873,850,39,38,37,34,2,2,10,10,951,924,8,6,91.0%,91.3%,4.1%,4.1%,3.9%,3.7%,0.2%,0.2%,1.0%,1.1%,99.2%,99.2%,0.8%,0.6%,567,525,42,92.6%,7.4%
420031609002,1609,002,South Side Flats,1913,1808,94.5%,1714,1626,103,95,53,53,12,10,46,36,1882,1784,31,24,89.6%,89.9%,5.4%,5.3%,2.8%,2.9%,0.6%,0.6%,2.4%,2.0%,98.4%,98.7%,1.6%,1.3%,1321,1187,134,89.9%,10.1%
420031702001,1702,001,South Side Flats,629,606,96.3%,568,551,27,23,11,11,13,12,52,47,619,597,10,6,90.3%,90.9%,4.3%,3.8%,1.7%,1.8%,2.1%,2.0%,8.3%,7.8%,98.4%,98.5%,1.6%,1.0%,477,358,119,75.1%,24.9%
420031702002,1702,002,South Side Flats,808,765,94.7%,768,730,10,9,22,19,3,3,11,11,803,761,5,3,95.0%,95.4%,1.2%,1.2%,2.7%,2.5%,0.4%,0.4%,1.4%,1.4%,99.4%,99.5%,0.6%,0.4%,509,448,61,88.0%,12.0%
420031702003,1702,003,South Side Flats,1239,1187,95.8%,1193,1148,9,9,16,15,2,2,31,29,1220,1174,19,12,96.3%,96.7%,0.7%,0.8%,1.3%,1.3%,0.2%,0.2%,2.5%,2.4%,98.5%,98.9%,1.5%,1.0%,774,691,83,89.3%,10.7%
420031702004,1702,004,South Side Flats,1049,1004,95.7%,1026,986,8,8,4,3,2,2,12,12,1040,999,9,5,97.8%,98.2%,0.8%,0.8%,0.4%,0.3%,0.2%,0.2%,1.1%,1.2%,99.1%,99.5%,0.9%,0.5%,678,566,112,83.5%,16.5%
420031608001,1608,001,South Side Slopes,484,441,91.1%,454,418,13,11,5,5,1,1,5,4,473,435,11,5,93.8%,94.8%,2.7%,2.5%,1.0%,1.1%,0.2%,0.2%,1.0%,0.9%,97.7%,98.6%,2.3%,1.1%,280,246,34,87.9%,12.1%
420031608002,1608,002,South Side Slopes,635,581,91.5%,590,551,26,18,7,6,3,1,11,8,626,576,9,5,92.9%,94.8%,4.1%,3.1%,1.1%,1.0%,0.5%,0.2%,1.7%,1.4%,98.6%,99.1%,1.4%,0.9%,374,319,55,85.3%,14.7%
420031608003,1608,003,South Side Slopes,702,602,85.8%,629,554,50,34,8,8,3,3,5,2,690,599,12,3,89.6%,92.0%,7.1%,5.6%,1.1%,1.3%,0.4%,0.5%,0.7%,0.3%,98.3%,99.5%,1.7%,0.5%,368,317,51,86.1%,13.9%
420031608004,1608,004,South Side Slopes,738,622,84.3%,585,519,111,74,7,7,12,10,11,10,715,610,23,12,79.3%,83.4%,15.0%,11.9%,0.9%,1.1%,1.6%,1.6%,1.5%,1.6%,96.9%,98.1%,3.1%,1.9%,417,346,71,83.0%,17.0%
420031706001,1706,001,South Side Slopes,457,426,93.2%,430,406,12,10,3,3,3,3,12,10,448,422,9,3,94.1%,95.3%,2.6%,2.3%,0.7%,0.7%,0.7%,0.7%,2.6%,2.3%,98.0%,99.1%,2.0%,0.7%,293,243,50,82.9%,17.1%
420031706002,1706,002,South Side Slopes,742,670,90.3%,688,625,28,26,4,4,11,9,14,13,731,664,11,5,92.7%,93.3%,3.8%,3.9%,0.5%,0.6%,1.5%,1.3%,1.9%,1.9%,98.5%,99.1%,1.5%,0.7%,448,351,97,78.3%,21.7%
420031706003,1706,003,South Side Slopes,665,562,84.5%,540,487,76,47,8,8,14,7,34,20,638,549,27,9,81.2%,86.7%,11.4%,8.4%,1.2%,1.4%,2.1%,1.2%,5.1%,3.6%,95.9%,97.7%,4.1%,1.6%,372,308,64,82.8%,17.2%
420032412001,2412,001,Spring Garden,373,291,78.0%,301,249,51,33,5,5,7,3,8,3,364,290,9,0,80.7%,85.6%,13.7%,11.3%,1.3%,1.7%,1.9%,1.0%,2.1%,1.0%,97.6%,99.7%,2.4%,0.0%,204,167,37,81.9%,18.1%
420032412002,2412,002,Spring Garden,511,426,83.4%,402,359,83,51,3,3,4,4,12,5,492,417,19,9,78.7%,84.3%,16.2%,12.0%,0.6%,0.7%,0.8%,0.9%,2.3%,1.2%,96.3%,97.9%,3.7%,2.1%,348,245,103,70.4%,29.6%
420032620001,2620,001,Spring Hill-City View,1218,993,81.5%,1017,869,160,100,8,6,4,4,21,14,1189,979,29,13,83.5%,87.5%,13.1%,10.1%,0.7%,0.6%,0.3%,0.4%,1.7%,1.4%,97.6%,98.6%,2.4%,1.3%,674,581,93,86.2%,13.8%
420032620002,2620,002,Spring Hill-City View,746,493,66.1%,270,237,442,246,1,1,4,1,7,3,717,485,29,7,36.2%,48.1%,59.2%,49.9%,0.1%,0.2%,0.5%,0.2%,0.9%,0.6%,96.1%,98.4%,3.9%,1.4%,312,285,27,91.3%,8.7%
420032620003,2620,003,Spring Hill-City View,684,530,77.5%,512,422,152,97,9,4,2,1,14,8,675,524,9,6,74.9%,79.6%,22.2%,18.3%,1.3%,0.8%,0.3%,0.2%,2.0%,1.5%,98.7%,98.9%,1.3%,1.1%,340,294,46,86.5%,13.5%
420031401001,1401,001,Squirrel Hill North,1280,1085,84.8%,986,824,20,15,229,218,15,9,53,39,1250,1066,30,16,77.0%,75.9%,1.6%,1.4%,17.9%,20.1%,1.2%,0.8%,4.1%,3.6%,97.7%,98.2%,2.3%,1.5%,459,427,32,93.0%,7.0%
420031401002,1401,002,Squirrel Hill North,1897,1630,85.9%,1368,1144,69,60,333,323,68,61,96,86,1838,1588,59,36,72.1%,70.2%,3.6%,3.7%,17.6%,19.8%,3.6%,3.7%,5.1%,5.3%,96.9%,97.4%,3.1%,2.2%,486,449,37,92.4%,7.6%
420031401003,1401,003,Squirrel Hill North,527,526,99.8%,240,240,41,41,212,211,19,19,31,31,512,511,15,13,45.5%,45.6%,7.8%,7.8%,40.2%,40.1%,3.6%,3.6%,5.9%,5.9%,97.2%,97.1%,2.8%,2.5%,0,0,0,,
420031401004,1401,004,Squirrel Hill North,1772,1730,97.6%,1074,1043,62,61,459,449,102,102,124,121,1697,1655,75,68,60.6%,60.3%,3.5%,3.5%,25.9%,26.0%,5.8%,5.9%,7.0%,7.0%,95.8%,95.7%,4.2%,3.9%,222,153,69,68.9%,31.1%
420031402001,1402,001,Squirrel Hill North,909,812,89.3%,745,664,38,38,92,82,9,6,20,20,884,790,25,20,82.0%,81.8%,4.2%,4.7%,10.1%,10.1%,1.0%,0.7%,2.2%,2.5%,97.2%,97.3%,2.8%,2.5%,337,315,22,93.5%,6.5%
420031402002,1402,002,Squirrel Hill North,1538,1349,87.7%,1056,903,47,43,392,367,19,17,66,56,1514,1330,24,18,68.7%,66.9%,3.1%,3.2%,25.5%,27.2%,1.2%,1.3%,4.3%,4.2%,98.4%,98.6%,1.6%,1.3%,800,775,25,96.9%,3.1%
420031403001,1403,001,Squirrel Hill North,790,651,82.4%,709,585,21,18,35,32,4,3,22,19,769,638,21,11,89.7%,89.9%,2.7%,2.8%,4.4%,4.9%,0.5%,0.5%,2.8%,2.9%,97.3%,98.0%,2.7%,1.7%,369,359,10,97.3%,2.7%
420031403002,1403,002,Squirrel Hill North,1006,839,83.4%,870,727,34,29,84,72,2,2,19,14,990,830,16,8,86.5%,86.7%,3.4%,3.5%,8.3%,8.6%,0.2%,0.2%,1.9%,1.7%,98.4%,98.9%,1.6%,1.0%,505,479,26,94.9%,5.1%
420031403003,1403,003,Squirrel Hill North,912,718,78.7%,828,659,16,12,53,39,8,4,21,10,905,714,7,4,90.8%,91.8%,1.8%,1.7%,5.8%,5.4%,0.9%,0.6%,2.3%,1.4%,99.2%,99.4%,0.8%,0.6%,390,363,27,93.1%,6.9%
420031403004,1403,004,Squirrel Hill North,732,589,80.5%,648,524,20,16,46,43,2,0,17,11,716,583,16,4,88.5%,89.0%,2.7%,2.7%,6.3%,7.3%,0.3%,0.0%,2.3%,1.9%,97.8%,99.0%,2.2%,0.7%,324,300,24,92.6%,7.4%
420031408001,1408,001,Squirrel Hill South,1929,1485,77.0%,1659,1288,32,21,169,141,16,12,74,49,1876,1462,53,19,86.0%,86.7%,1.7%,1.4%,8.8%,9.5%,0.8%,0.8%,3.8%,3.3%,97.3%,98.5%,2.7%,1.3%,854,809,45,94.7%,5.3%
420031408002,1408,002,Squirrel Hill South,1781,1396,78.4%,1440,1095,41,40,226,211,31,24,66,50,1738,1370,43,21,80.9%,78.4%,2.3%,2.9%,12.7%,15.1%,1.7%,1.7%,3.7%,3.6%,97.6%,98.1%,2.4%,1.5%,783,722,61,92.2%,7.8%
420031408003,1408,003,Squirrel Hill South,844,705,83.5%,716,594,20,18,92,78,10,9,27,21,838,699,6,6,84.8%,84.3%,2.4%,2.6%,10.9%,11.1%,1.2%,1.3%,3.2%,3.0%,99.3%,99.1%,0.7%,0.9%,443,420,23,94.8%,5.2%
420031413001,1413,001,Squirrel Hill South,1516,1271,83.8%,1322,1121,27,19,129,107,3,3,29,20,1481,1250,35,20,87.2%,88.2%,1.8%,1.5%,8.5%,8.4%,0.2%,0.2%,1.9%,1.6%,97.7%,98.3%,2.3%,1.6%,692,667,25,96.4%,3.6%
420031413002,1413,002,Squirrel Hill South,1567,1326,84.6%,1170,984,34,28,299,266,24,24,54,42,1527,1302,40,22,74.7%,74.2%,2.2%,2.1%,19.1%,20.1%,1.5%,1.8%,3.4%,3.2%,97.4%,98.2%,2.6%,1.7%,820,793,27,96.7%,3.3%
420031413003,1413,003,Squirrel Hill South,2094,1925,91.9%,1569,1432,144,143,329,304,11,10,66,58,2053,1889,41,31,74.9%,74.4%,6.9%,7.4%,15.7%,15.8%,0.5%,0.5%,3.2%,3.0%,98.0%,98.1%,2.0%,1.6%,1062,1004,58,94.5%,5.5%
420031414001,1414,001,Squirrel Hill South,1002,820,81.8%,865,726,15,11,85,64,11,8,30,25,976,809,26,10,86.3%,88.5%,1.5%,1.3%,8.5%,7.8%,1.1%,1.0%,3.0%,3.0%,97.4%,98.7%,2.6%,1.2%,475,447,28,94.1%,5.9%
420031414002,1414,002,Squirrel Hill South,683,529,77.5%,602,478,17,12,47,32,10,3,10,8,676,525,7,4,88.1%,90.4%,2.5%,2.3%,6.9%,6.0%,1.5%,0.6%,1.5%,1.5%,99.0%,99.2%,1.0%,0.8%,285,278,7,97.5%,2.5%
420031414003,1414,003,Squirrel Hill South,988,813,82.3%,862,712,23,18,66,59,13,10,34,26,964,799,24,12,87.2%,87.6%,2.3%,2.2%,6.7%,7.3%,1.3%,1.2%,3.4%,3.2%,97.6%,98.3%,2.4%,1.5%,445,424,21,95.3%,4.7%
420031414004,1414,004,Squirrel Hill South,1712,1466,85.6%,1403,1229,68,61,185,143,11,9,51,37,1667,1442,45,20,82.0%,83.8%,4.0%,4.2%,10.8%,9.8%,0.6%,0.6%,3.0%,2.5%,97.4%,98.4%,2.6%,1.4%,999,919,80,92.0%,8.0%
420031414005,1414,005,Squirrel Hill South,966,899,93.1%,759,711,66,63,96,90,17,12,47,38,938,876,28,21,78.6%,79.1%,6.8%,7.0%,9.9%,10.0%,1.8%,1.3%,4.9%,4.2%,97.1%,97.4%,2.9%,2.3%,639,607,32,95.0%,5.0%
420039803001,9803,001,Squirrel Hill South,1,1,100.0%,1,1,0,0,0,0,0,0,0,0,1,1,0,0,100.0%,100.0%,0.0%,0.0%,0.0%,0.0%,0.0%,0.0%,0.0%,0.0%,100.0%,100.0%,0.0%,0.0%,1,1,0,100.0%,0.0%
420039805001,9805,001,Squirrel Hill South,27,24,88.9%,27,24,0,0,0,0,0,0,0,0,27,24,0,0,100.0%,100.0%,0.0%,0.0%,0.0%,0.0%,0.0%,0.0%,0.0%,0.0%,100.0%,100.0%,0.0%,0.0%,16,14,2,87.5%,12.5%
420035617001,5617,001,St. Clair,209,157,75.1%,110,87,98,69,0,0,0,0,1,1,208,156,1,1,52.6%,55.4%,46.9%,43.9%,0.0%,0.0%,0.0%,0.0%,0.5%,0.6%,99.5%,99.4%,0.5%,0.6%,165,83,82,50.3%,49.7%
420031005001,1005,001,Stanton Heights,824,684,83.0%,253,230,524,425,8,6,3,1,8,6,788,662,36,19,30.7%,33.6%,63.6%,62.1%,1.0%,0.9%,0.4%,0.1%,1.0%,0.9%,95.6%,96.8%,4.4%,2.8%,373,359,14,96.2%,3.8%
420031005002,1005,002,Stanton Heights,1255,958,76.3%,347,296,873,645,5,4,2,2,9,3,1227,947,28,11,27.6%,30.9%,69.6%,67.3%,0.4%,0.4%,0.2%,0.2%,0.7%,0.3%,97.8%,98.9%,2.2%,1.1%,590,556,34,94.2%,5.8%
420031018001,1018,001,Stanton Heights,1006,832,82.7%,778,667,190,142,11,11,9,6,16,9,988,826,18,5,77.3%,80.2%,18.9%,17.1%,1.1%,1.3%,0.9%,0.7%,1.6%,1.1%,98.2%,99.3%,1.8%,0.6%,476,461,15,96.8%,3.2%
420031018002,1018,002,Stanton Heights,1516,1263,83.3%,1193,1033,256,193,16,11,14,8,33,20,1479,1245,37,15,78.7%,81.8%,16.9%,15.3%,1.1%,0.9%,0.9%,0.6%,2.2%,1.6%,97.6%,98.6%,2.4%,1.2%,784,721,63,92.0%,8.0%
420030203001,0203,001,Strip District,616,567,92.0%,466,459,96,63,39,38,1,1,10,9,602,561,14,4,75.6%,81.0%,15.6%,11.1%,6.3%,6.7%,0.2%,0.2%,1.6%,1.6%,97.7%,98.9%,2.3%,0.7%,473,403,70,85.2%,14.8%
420032612001,2612,001,Summer Hill,1051,850,80.9%,866,725,160,114,0,0,0,0,11,10,1026,839,25,9,82.4%,85.3%,15.2%,13.4%,0.0%,0.0%,0.0%,0.0%,1.0%,1.2%,97.6%,98.7%,2.4%,1.1%,510,481,29,94.3%,5.7%
420031411001,1411,001,Swisshelm Park,1361,1085,79.7%,1226,996,57,44,43,26,5,4,31,25,1331,1070,30,13,90.1%,91.8%,4.2%,4.1%,3.2%,2.4%,0.4%,0.4%,2.3%,2.3%,97.8%,98.6%,2.2%,1.2%,625,602,23,96.3%,3.7%
420030510001,0510,001,Terrace Village,934,747,80.0%,189,182,684,509,40,38,7,5,12,11,920,734,14,12,20.2%,24.4%,73.2%,68.1%,4.3%,5.1%,0.7%,0.7%,1.3%,1.5%,98.5%,98.3%,1.5%,1.6%,533,512,21,96.1%,3.9%
420030510002,0510,002,Terrace Village,1172,1112,94.9%,707,706,390,332,36,35,3,3,14,14,1136,1076,36,32,60.3%,63.5%,33.3%,29.9%,3.1%,3.1%,0.3%,0.3%,1.2%,1.3%,96.9%,96.8%,3.1%,2.9%,245,219,26,89.4%,10.6%
420030511001,0511,001,Terrace Village,1122,695,61.9%,4,4,1108,686,1,1,1,0,9,5,1114,691,8,2,0.4%,0.6%,98.8%,98.7%,0.1%,0.1%,0.1%,0.0%,0.8%,0.7%,99.3%,99.4%,0.7%,0.3%,731,535,196,73.2%,26.8%
420032406001,2406,001,Troy Hill,1526,1277,83.7%,1289,1110,154,104,46,42,11,7,29,21,1500,1263,26,14,84.5%,86.9%,10.1%,8.1%,3.0%,3.3%,0.7%,0.5%,1.9%,1.6%,98.3%,98.9%,1.7%,1.1%,881,769,112,87.3%,12.7%
420032406002,2406,002,Troy Hill,1188,954,80.3%,915,797,177,115,62,28,9,7,21,13,1163,947,25,7,77.0%,83.5%,14.9%,12.1%,5.2%,2.9%,0.8%,0.7%,1.8%,1.4%,97.9%,99.3%,2.1%,0.7%,727,580,147,79.8%,20.2%
420030506001,0506,001,Upper Hill,925,789,85.3%,249,242,654,530,5,5,8,6,5,4,916,783,9,5,26.9%,30.7%,70.7%,67.2%,0.5%,0.6%,0.9%,0.8%,0.5%,0.5%,99.0%,99.2%,1.0%,0.6%,592,501,91,84.6%,15.4%
420030506002,0506,002,Upper Hill,483,370,76.6%,11,10,464,355,0,0,1,1,4,4,476,366,7,2,2.3%,2.7%,96.1%,95.9%,0.0%,0.0%,0.2%,0.3%,0.8%,1.1%,98.6%,98.9%,1.4%,0.5%,296,229,67,77.4%,22.6%
420030506003,0506,003,Upper Hill,649,547,84.3%,120,115,475,388,16,14,11,10,20,18,622,527,27,16,18.5%,21.0%,73.2%,70.9%,2.5%,2.6%,1.7%,1.8%,3.1%,3.3%,95.8%,96.3%,4.2%,2.9%,352,286,66,81.3%,18.8%
420031011001,1011,001,Upper Lawrenceville,1339,1007,75.2%,862,744,404,228,16,11,25,11,39,20,1307,994,32,12,64.4%,73.9%,30.2%,22.6%,1.2%,1.1%,1.9%,1.1%,2.9%,2.0%,97.6%,98.7%,2.4%,1.2%,711,578,133,81.3%,18.7%
420031011002,1011,002,Upper Lawrenceville,641,507,79.1%,386,361,198,106,19,18,15,10,17,11,618,495,23,11,60.2%,71.2%,30.9%,20.9%,3.0%,3.6%,2.3%,2.0%,2.7%,2.2%,96.4%,97.6%,3.6%,2.2%,371,293,78,79.0%,21.0%
420031011003,1011,003,Upper Lawrenceville,689,550,79.8%,506,429,149,98,2,2,8,5,27,17,665,534,24,10,73.4%,78.0%,21.6%,17.8%,0.3%,0.4%,1.2%,0.9%,3.9%,3.1%,96.5%,97.1%,3.5%,1.8%,360,297,63,82.5%,17.5%
420035626001,5626,001,West End,254,203,79.9%,135,123,95,71,2,2,3,1,1,1,235,197,19,6,53.1%,60.6%,37.4%,35.0%,0.8%,1.0%,1.2%,0.5%,0.4%,0.5%,92.5%,97.0%,7.5%,3.0%,165,123,42,74.5%,25.5%
420030402001,0402,001,West Oakland,834,651,78.1%,148,144,657,479,16,16,4,4,11,8,825,643,9,6,17.7%,22.1%,78.8%,73.6%,1.9%,2.5%,0.5%,0.6%,1.3%,1.2%,98.9%,98.8%,1.1%,0.9%,474,413,61,87.1%,12.9%
420030402002,0402,002,West Oakland,1770,1718,97.1%,1225,1219,346,303,153,152,9,9,50,50,1733,1683,37,30,69.2%,71.0%,19.5%,17.6%,8.6%,8.8%,0.5%,0.5%,2.8%,2.9%,97.9%,98.0%,2.1%,1.7%,213,181,32,85.0%,15.0%
420035631001,5631,001,Westwood,990,801,80.9%,871,726,61,47,25,18,9,3,10,8,966,794,24,7,88.0%,90.6%,6.2%,5.9%,2.5%,2.2%,0.9%,0.4%,1.0%,1.0%,97.6%,99.1%,2.4%,0.9%,481,448,33,93.1%,6.9%
420035631002,5631,002,Westwood,2076,1699,81.8%,1664,1425,189,129,149,105,12,6,34,21,2014,1665,62,31,80.2%,83.9%,9.1%,7.6%,7.2%,6.2%,0.6%,0.4%,1.6%,1.2%,97.0%,98.0%,3.0%,1.8%,1015,955,60,94.1%,5.9%
420035630002,5630,002,Windgap,755,615,81.5%,391,344,329,250,4,4,7,3,10,5,731,601,24,13,51.8%,55.9%,43.6%,40.7%,0.5%,0.7%,0.9%,0.5%,1.3%,0.8%,96.8%,97.7%,3.2%,2.1%,361,336,25,93.1%,6.9%
420035630003,5630,003,Windgap,614,518,84.4%,455,398,147,115,3,1,0,0,6,6,605,514,9,3,74.1%,76.8%,23.9%,22.2%,0.5%,0.2%,0.0%,0.0%,1.0%,1.2%,98.5%,99.2%,1.5%,0.6%,310,292,18,94.2%,5.8%