lat,lon,num_tweets,num_users
40.64,-80.05,217,48
40.47,-80.04,4760,245
40.27,-80.19,1367,91
40.54,-80.14,23,5
40.25,-79.86,4973,96
40.56,-80.04,599,126
40.4,-80.16,48,21
40.63,-79.85,696,35
40.49,-80.06,4508,321
40.52,-80.19,4634,116
40.31,-80.14,96,21
40.25,-79.94,13,8
40.41,-79.89,597,247
40.26,-79.96,5,4
40.42,-80.08,226,130
40.43,-80.2,51,16
40.62,-80.19,39,17
40.24,-79.87,18,17
40.36,-80.2,1,1
40.53,-79.97,838,100
40.37,-80.08,4007,154
40.4,-80.12,8,5
40.42,-80.1,905,508
40.29,-79.84,139,61
40.47,-80.08,3303,151
40.53,-79.93,12,4
40.6,-79.87,58,18
40.51,-80.2,137,34
40.62,-80.08,430,65
40.45,-80.2,729,84
40.51,-80.01,694,206
40.58,-80.15,4,3
40.35,-80.02,653,214
40.25,-79.89,44,8
40.51,-80.02,991,117
40.6,-80.06,486,49
40.37,-80.05,1334,353
40.28,-79.83,112,33
40.31,-80.11,380,47
40.25,-80.18,1016,113
40.6,-79.9,29,18
40.34,-79.88,5537,107
40.25,-80.12,289,37
40.42,-79.91,637,94
40.24,-80.06,8,7
40.44,-79.88,3867,425
40.41,-80.08,3295,590
40.28,-80.05,81,27
40.57,-79.87,117,11
40.4,-80.2,14,6
40.47,-79.89,1475,49
40.5,-79.85,2343,106
40.41,-79.93,1240,83
40.42,-80.03,4831,749
40.31,-80.05,2784,133
40.31,-79.89,874,131
40.49,-79.89,4388,1051
40.28,-79.93,195,57
40.57,-79.95,516,93
40.59,-80.17,43,6
40.43,-80.02,1932,571
40.63,-79.93,538,93
40.42,-80.15,34,11
40.45,-80.04,2076,123
40.32,-80.01,244,90
40.29,-79.97,883,29
40.61,-79.94,337,79
40.29,-79.9,2278,60
40.48,-79.93,4481,240
40.47,-79.97,1802,455
40.48,-80.04,4285,452
40.36,-79.8,122,5
40.5,-80.06,7401,373
40.28,-79.85,96,31
40.32,-80.1,225,29
40.36,-80.08,1288,109
40.3,-80.12,141,43
40.31,-79.92,252,50
40.38,-79.98,13106,484
40.55,-80.13,7,6
40.51,-79.9,161,34
40.57,-80.08,365,34
40.39,-80.0,16308,468
40.49,-80.05,6169,300
40.33,-80.16,4,3
40.24,-80.16,4,4
40.59,-79.82,471,21
40.34,-79.91,511,72
40.3,-80.05,2034,94
40.56,-79.96,640,130
40.53,-80.03,1245,135
40.39,-79.85,156,38
40.24,-79.96,9,4
40.44,-79.93,2840,422
40.58,-79.81,15,5
40.64,-80.04,197,27
40.48,-79.96,1853,532
40.34,-80.14,418,93
40.53,-79.8,96,10
40.62,-79.88,23,13
40.41,-80.14,219,12
40.43,-80.01,15751,2596
40.53,-80.1,28,13
40.59,-80.07,223,27
40.46,-79.89,4656,185
40.34,-80.2,3,2
40.54,-79.98,1665,97
40.37,-80.11,2014,764
40.24,-80.11,1,1
40.55,-80.15,41,17
40.36,-79.97,4759,181
40.61,-80.19,141,22
40.41,-80.1,1003,125
40.59,-80.19,53,5
40.36,-80.09,761,121
40.51,-79.84,2891,306
40.53,-80.13,197,110
40.37,-79.99,4730,151
40.46,-79.97,4765,1205
40.39,-80.06,2096,445
40.4,-80.0,2165,444
40.44,-79.87,5079,383
40.62,-80.18,17,3
40.49,-79.83,3190,71
40.53,-80.06,136,60
40.38,-79.9,6166,156
40.42,-80.09,1350,398
40.56,-79.91,56,18
40.26,-80.12,1268,33
40.57,-79.84,763,24
40.4,-79.98,3838,137
40.42,-80.11,339,267
40.62,-79.92,3562,77
40.49,-79.9,4758,539
40.36,-79.89,958,29
40.33,-79.97,1870,101
40.64,-79.85,81,19
40.39,-79.87,2751,863
40.45,-79.82,398,65
40.34,-80.12,2054,208
40.48,-79.95,7403,527
40.53,-79.94,135,41
40.45,-79.83,1526,172
40.35,-79.86,2580,216
40.59,-79.91,51,38
40.4,-79.83,5030,152
40.24,-80.08,9,8
40.63,-80.15,54,6
40.45,-79.91,6516,557
40.47,-80.06,2417,319
40.56,-80.19,21,6
40.63,-79.86,495,53
40.29,-79.94,31,18
40.39,-80.17,29,9
40.39,-79.93,334,182
40.3,-79.91,257,46
40.59,-80.01,137,55
40.56,-80.02,2592,455
40.54,-79.85,73,26
40.36,-79.94,34,30
40.32,-79.98,1194,61
40.55,-79.9,136,40
40.59,-79.97,345,69
40.53,-80.04,2509,183
40.54,-79.83,1230,376
40.55,-80.06,1627,38
40.61,-80.14,45,15
40.26,-79.85,441,73
40.52,-80.14,163,81
40.52,-80.1,423,13
40.57,-80.0,1164,209
40.35,-80.03,3435,298
40.56,-79.88,12,6
40.27,-80.01,2233,73
40.63,-80.12,4,1
40.49,-80.04,3782,174
40.6,-79.97,470,39
40.45,-79.88,3062,125
40.35,-79.93,2536,205
40.62,-80.13,3,2
40.24,-80.1,1,1
40.51,-80.08,4782,90
40.58,-80.1,201,132
40.44,-79.96,137363,6656
40.36,-79.91,1534,168
40.41,-80.13,3,3
40.52,-80.07,1197,359
40.25,-79.92,111,14
40.29,-80.0,3427,141
40.26,-79.81,4,4
40.45,-79.97,7524,344
40.43,-80.06,2759,269
40.28,-79.84,899,154
40.4,-79.84,2683,217
40.27,-79.99,11,9
40.59,-79.83,256,29
40.4,-79.88,3626,242
40.27,-79.84,1395,89
40.5,-80.08,2242,143
40.28,-80.14,212,57
40.46,-80.06,2128,154
40.56,-80.01,3272,175
40.58,-80.04,1597,174
40.29,-80.04,813,45
40.52,-80.02,2631,269
40.33,-79.98,99,57
40.42,-79.82,899,64
40.48,-79.86,316,92
40.28,-80.2,433,31
40.56,-79.98,181,37
40.52,-79.96,4941,190
40.42,-79.94,5555,190
40.25,-79.93,178,25
40.27,-79.98,15,12
40.36,-79.88,920,71
40.63,-80.06,2196,689
40.38,-79.92,604,81
40.43,-79.83,2507,98
40.48,-79.88,87,51
40.33,-80.15,2,2
40.4,-80.15,98,16
40.31,-79.84,52,7
40.62,-80.09,721,343
40.37,-80.12,1003,228
40.48,-79.84,868,116
40.26,-80.04,230,21
40.54,-79.93,250,29
40.25,-80.09,67,13
40.48,-80.15,152,20
40.6,-80.16,4,2
40.37,-79.93,1389,137
40.27,-79.95,195,11
40.64,-80.09,61,19
40.28,-79.89,174,82
40.64,-80.12,13,4
40.31,-80.07,1021,121
40.4,-80.17,23,12
40.55,-80.18,78,19
40.26,-80.03,41,4
40.62,-80.12,6,5
40.48,-80.0,1317,86
40.32,-80.2,262,37
40.52,-79.93,155,24
40.37,-79.83,1366,95
40.5,-80.07,5773,275
40.57,-79.89,24,12
40.29,-80.1,190,85
40.37,-80.18,438,34
40.47,-79.87,1814,74
40.29,-80.02,738,137
40.4,-80.05,3748,262
40.32,-79.82,1512,120
40.42,-80.0,11524,360
40.26,-79.82,4,4
40.56,-79.85,377,100
40.41,-79.87,3962,170
40.63,-79.92,1868,56
40.33,-79.9,359,46
40.6,-80.02,54,27
40.5,-80.14,191,82
40.49,-80.2,190,33
40.43,-79.94,5345,962
40.26,-80.02,7,5
40.41,-80.06,3090,248
40.31,-80.04,887,89
40.6,-80.17,24,5
40.53,-80.15,11,4
40.51,-79.83,808,48
40.31,-80.12,732,33
40.29,-80.01,334,71
40.61,-80.0,17,11
40.41,-79.83,23681,199
40.26,-79.91,26,17
40.41,-80.18,740,21
40.37,-79.8,1245,45
40.37,-79.98,10185,638
40.64,-80.11,104,7
40.53,-79.85,448,203
40.35,-80.19,5,4
40.55,-80.1,933,76
40.64,-80.0,83,61
40.5,-80.1,46,31
40.5,-80.18,290,49
40.46,-80.14,323,86
40.39,-79.82,1073,225
40.59,-79.99,226,102
40.26,-80.17,2106,464
40.58,-80.13,124,7
40.58,-80.05,3343,62
40.45,-80.16,10641,2719
40.26,-79.93,48,9
40.57,-80.13,9,6
40.63,-80.2,171,16
40.34,-80.01,302,115
40.4,-80.04,8786,719
40.45,-79.96,20817,1351
40.27,-79.85,345,61
40.45,-80.09,70,24
40.39,-80.05,4777,506
40.64,-80.06,397,112
40.41,-79.88,1329,223
40.58,-79.89,329,34
40.58,-79.83,734,4
40.45,-80.17,4634,1963
40.43,-80.17,1,1
40.34,-80.13,405,248
40.29,-80.14,7,6
40.37,-79.81,330,36
40.28,-79.92,61,40
40.38,-80.14,26,15
40.38,-79.88,3935,159
40.26,-80.15,4720,249
40.55,-79.81,797,81
40.43,-79.92,7230,979
40.64,-80.19,2,1
40.38,-80.17,1084,122
40.43,-80.08,555,61
40.57,-79.9,11,8
40.6,-79.89,21,13
40.42,-80.14,628,17
40.5,-80.12,93,79
40.4,-80.03,6650,689
40.24,-79.81,36,11
40.42,-80.16,1,1
40.41,-80.12,36,9
40.57,-80.16,1,1
40.58,-80.18,5,4
40.26,-79.83,18,4
40.62,-79.98,110,78
40.34,-79.99,2254,214
40.45,-79.84,811,137
40.35,-79.94,1770,500
40.59,-79.94,915,76
40.63,-79.91,27,6
40.63,-80.1,235,176
40.61,-79.98,23,20
40.24,-80.17,11,5
40.61,-80.13,4,4
40.29,-79.95,23,9
40.46,-80.11,1595,136
40.58,-79.96,190,36
40.41,-80.15,212,13
40.3,-80.15,43,27
40.35,-79.83,6289,296
40.54,-80.09,642,37
40.6,-79.99,1366,54
40.38,-79.86,1788,275
40.24,-79.89,3,2
40.24,-79.97,2,2
40.41,-79.82,3923,191
40.25,-80.02,419,34
40.41,-79.92,6256,2075
40.49,-79.87,1013,309
40.3,-79.86,29,11
40.46,-79.86,834,139
40.44,-79.98,9006,2124
40.41,-79.86,1858,104
40.54,-79.99,1668,95
40.4,-80.01,1887,129
40.46,-80.04,223,54
40.51,-79.85,296,138
40.58,-80.19,68,6
40.35,-79.91,3117,133
40.33,-80.09,162,41
40.47,-80.14,1185,102
40.35,-80.08,332,81
40.32,-79.93,468,155
40.58,-79.84,1,1
40.38,-80.2,7,6
40.36,-79.92,12,8
40.25,-79.85,82,49
40.45,-80.02,22294,5452
40.46,-79.8,331,54
40.35,-79.99,1736,174
40.59,-80.16,37,7
40.6,-80.01,270,145
40.55,-79.88,241,33
40.3,-80.07,128,50
40.56,-80.18,14,9
40.45,-80.01,48633,10387
40.3,-79.87,179,36
40.38,-80.16,476,45
40.56,-79.83,183,26
40.31,-79.82,944,74
40.27,-80.09,290,40
40.29,-79.85,23,3
40.31,-79.81,4153,58
40.64,-80.15,4,2
40.6,-79.83,631,38
40.35,-79.8,66,19
40.52,-79.88,465,134
40.32,-80.19,2586,41
40.56,-79.93,122,28
40.6,-80.12,100,25
40.24,-79.84,5,2
40.53,-80.09,52,6
40.32,-80.05,1074,138
40.31,-80.16,209,145
40.56,-80.11,360,58
40.57,-80.07,1208,43
40.48,-80.1,1151,175
40.63,-79.87,155,31
40.49,-80.1,268,39
40.35,-79.82,3100,213
40.38,-80.18,206,28
40.32,-79.88,55,26
40.28,-79.88,1502,107
40.5,-80.02,801,265
40.41,-80.17,5,4
40.29,-80.12,317,113
40.37,-79.97,5522,242
40.38,-79.95,1394,72
40.29,-79.81,1628,47
40.54,-80.05,1572,160
40.39,-79.94,468,84
40.64,-79.82,4,2
40.42,-79.81,851,75
40.31,-80.06,1421,105
40.36,-79.96,4837,179
40.41,-79.96,411,177
40.55,-80.2,105,57
40.43,-80.07,3420,154
40.42,-79.93,4640,628
40.35,-79.88,1899,117
40.33,-80.02,3202,431
40.59,-79.81,11,9
40.54,-80.13,68,12
40.44,-79.81,1282,225
40.35,-80.09,800,63
40.45,-79.95,33583,3181
40.31,-79.95,1924,121
40.51,-80.13,1031,226
40.33,-80.19,242,50
40.42,-79.9,3787,181
40.28,-80.12,1164,196
40.35,-79.81,827,73
40.26,-80.19,3412,274
40.54,-79.97,1129,157
40.57,-80.2,6,3
40.46,-80.02,4550,279
40.34,-79.92,189,45
40.29,-79.99,3774,105
40.56,-80.14,26,9
40.28,-79.94,57,34
40.55,-80.16,44,12
40.32,-79.96,1156,127
40.54,-79.95,4620,94
40.5,-80.05,4691,242
40.29,-80.18,129,20
40.54,-79.82,600,205
40.39,-79.96,3936,95
40.35,-80.16,125,50
40.24,-80.09,14,2
40.56,-79.94,748,36
40.48,-80.19,385,74
40.62,-80.11,9,3
40.36,-79.86,8882,139
40.49,-79.99,507,51
40.54,-79.8,358,78
40.53,-80.12,21,10
40.5,-80.19,51,22
40.35,-80.07,1291,69
40.62,-80.05,409,215
40.27,-79.88,1076,132
40.46,-79.98,6642,953
40.45,-79.87,5985,160
40.24,-79.88,5,5
40.54,-79.96,3139,246
40.61,-79.9,35,17
40.64,-79.98,84,5
40.47,-80.19,57,29
40.61,-79.84,80,22
40.55,-80.04,4785,219
40.38,-80.0,4452,556
40.5,-79.99,98,45
40.45,-80.05,4415,202
40.59,-80.03,890,156
40.52,-80.15,1556,454
40.48,-79.82,1142,173
40.51,-80.17,257,44
40.38,-79.82,1295,216
40.3,-79.97,19,15
40.26,-80.05,444,38
40.25,-79.9,1,1
40.28,-80.03,167,101
40.36,-80.15,268,17
40.39,-79.89,1203,130
40.32,-79.85,4541,45
40.61,-80.08,824,49
40.5,-80.17,357,47
40.6,-79.96,108,34
40.31,-79.9,2485,50
40.58,-80.16,1,1
40.48,-80.02,292,89
40.47,-79.9,1176,81
40.37,-80.03,2173,357
40.28,-80.07,239,47
40.56,-79.92,31,16
40.54,-80.06,320,46
40.52,-80.04,3600,217
40.61,-80.09,606,355
40.51,-80.1,2626,200
40.45,-79.93,17618,2204
40.62,-80.01,341,17
40.4,-79.85,138,54
40.48,-80.05,1394,205
40.33,-80.03,1723,218
40.4,-80.14,1302,58
40.49,-79.84,722,85
40.51,-80.16,1354,171
40.56,-79.84,387,99
40.34,-79.98,7537,345
40.28,-79.86,43,33
40.49,-79.82,2779,100
40.24,-79.85,33,17
40.43,-80.18,5,2
40.45,-79.99,14725,4204
40.24,-79.83,8,3
40.25,-80.19,4182,350
40.5,-79.84,2260,230
40.59,-80.2,5,4
40.46,-80.2,583,62
40.34,-80.02,1795,366
40.41,-80.07,2497,404
40.5,-80.03,3605,180
40.31,-80.18,44,7
40.52,-80.17,4892,262
40.43,-79.99,11706,2655
40.53,-79.99,3344,135
40.6,-80.11,11,7
40.39,-79.86,2632,1129
40.39,-80.01,6728,250
40.44,-80.0,146795,11330
40.57,-80.09,211,134
40.61,-80.03,45,10
40.49,-79.98,117,51
40.44,-79.82,1864,197
40.33,-79.88,1072,41
40.32,-80.18,413,34
40.59,-80.09,205,69
40.54,-80.01,10121,2263
40.61,-80.06,720,151
40.35,-80.18,2,2
40.35,-79.89,2472,137
40.44,-80.02,4448,1267
40.37,-79.89,238,50
40.35,-80.0,2816,191
40.39,-79.88,4986,137
40.38,-80.03,3519,151
40.58,-79.8,22,16
40.49,-79.8,1035,67
40.61,-79.87,22,11
40.31,-79.83,3380,121
40.32,-80.15,210,159
40.47,-80.07,5207,254
40.52,-80.2,255,48
40.61,-80.05,1403,420
40.54,-79.92,24,9
40.56,-80.13,12,12
40.48,-80.03,10382,196
40.42,-79.85,4540,389
40.47,-79.83,3944,229
40.29,-79.8,12,5
40.26,-80.01,669,23
40.26,-79.95,33,3
40.48,-79.94,5157,115
40.41,-80.02,18193,497
40.4,-80.19,991,103
40.5,-79.81,2520,45
40.42,-79.97,6193,388
40.45,-79.86,1111,147
40.31,-80.17,45,15
40.34,-80.16,91,22
40.47,-80.13,2024,116
40.61,-79.85,1154,56
40.44,-80.11,500,129
40.46,-80.16,1875,624
40.24,-79.94,3,3
40.41,-79.98,2320,131
40.44,-80.12,255,29
40.49,-80.08,1035,73
40.42,-79.84,1318,118
40.33,-79.86,1654,64
40.55,-79.96,1805,153
40.59,-79.87,628,21
40.52,-79.9,27,13
40.48,-79.92,5743,992
40.4,-79.82,1786,136
40.33,-80.13,3202,172
40.31,-79.96,684,43
40.33,-79.85,1109,99
40.52,-80.12,54,36
40.35,-79.95,1628,606
40.34,-79.87,3644,124
40.43,-80.0,12202,2720
40.29,-79.87,119,27
40.34,-80.15,1720,15
40.61,-79.93,490,52
40.27,-79.81,260,20
40.27,-79.96,59,33
40.36,-80.18,81,16
40.47,-79.84,3970,91
40.57,-79.97,366,51
40.51,-80.03,2520,257
40.4,-79.8,852,77
40.58,-79.92,100,26
40.55,-79.86,467,13
40.26,-80.1,281,16
40.38,-80.19,18,11
40.44,-80.18,215,130
40.28,-80.06,176,29
40.63,-80.16,563,13
40.55,-79.84,143,100
40.63,-79.82,7,6
40.27,-79.89,1844,209
40.33,-80.07,2834,315
40.38,-80.05,5103,599
40.27,-80.16,540,289
40.41,-79.84,2111,169
40.52,-80.09,417,95
40.42,-80.2,22,12
40.49,-79.97,3450,239
40.49,-80.12,689,101
40.41,-80.11,620,218
40.52,-80.11,241,22
40.54,-79.84,1944,680
40.64,-79.83,1,1
40.38,-80.09,1446,258
40.43,-80.15,256,127
40.4,-79.86,1486,206
40.29,-80.11,688,245
40.52,-79.84,11421,489
40.61,-79.89,362,76
40.31,-79.86,3657,25
40.64,-79.97,28,6
40.57,-79.85,283,28
40.35,-80.05,4048,1106
40.64,-80.02,7,4
40.47,-80.16,287,121
40.28,-79.8,15,5
40.63,-79.99,253,74
40.55,-80.17,79,17
40.47,-79.8,1696,48
40.46,-80.13,564,59
40.39,-79.98,8842,269
40.6,-80.05,2352,306
40.58,-79.95,496,80
40.58,-79.9,28,15
40.27,-80.13,3103,663
40.61,-80.15,29,14
40.57,-79.94,995,38
40.24,-80.0,311,11
40.53,-80.07,623,292
40.47,-79.99,3167,70
40.48,-79.83,1743,97
40.59,-80.02,507,72
40.28,-80.17,1467,199
40.31,-79.93,60,48
40.32,-79.99,954,90
40.25,-80.13,29,13
40.56,-80.16,58,27
40.58,-79.85,4,3
40.55,-80.0,1060,166
40.24,-79.99,17,4
40.62,-80.16,309,9
40.47,-79.88,537,19
40.4,-80.02,9231,408
40.48,-80.17,235,28
40.58,-79.88,382,70
40.34,-80.17,148,34
40.47,-80.09,297,120
40.58,-80.17,385,16
40.33,-79.82,1266,82
40.52,-79.86,393,66
40.29,-80.09,392,41
40.43,-79.9,1688,384
40.58,-79.94,2735,116
40.64,-79.8,1,1
40.26,-80.08,18,6
40.58,-80.2,72,4
40.25,-80.0,729,115
40.49,-80.0,1433,58
40.26,-79.87,62,26
40.37,-80.09,1531,149
40.34,-79.82,560,81
40.29,-79.98,1564,80
40.61,-80.04,388,26
40.36,-79.85,1840,123
40.38,-80.13,34,6
40.35,-80.04,1409,172
40.56,-79.99,1115,76
40.46,-80.19,2228,620
40.62,-79.86,452,49
40.25,-80.01,1159,48
40.25,-79.91,14,8
40.5,-80.2,122,51
40.6,-80.2,3,2
40.26,-80.06,209,41
40.45,-79.81,1221,35
40.32,-80.08,1090,122
40.36,-80.04,2325,116
40.47,-79.96,12458,1845
40.24,-79.95,3,2
40.3,-79.92,619,199
40.61,-79.97,431,66
40.44,-80.09,220,98
40.3,-79.94,423,34
40.47,-80.01,4419,243
40.58,-80.0,573,61
40.25,-79.87,31,21
40.6,-80.19,15,5
40.25,-80.14,313,31
40.62,-80.1,240,191
40.48,-80.18,213,25
40.35,-80.15,154,31
40.44,-80.04,3786,259
40.3,-79.93,177,124
40.38,-80.12,254,35
40.62,-79.94,1154,166
40.3,-80.11,124,29
40.3,-80.13,433,53
40.54,-80.07,1098,166
40.37,-80.07,1701,127
40.55,-79.95,834,57
40.39,-80.16,2398,65
40.51,-80.19,35,10
40.37,-80.13,1096,50
40.34,-79.94,2132,520
40.29,-80.15,20,2
40.49,-80.14,824,50
40.55,-80.19,1238,176
40.5,-80.09,61,43
40.48,-80.14,1663,48
40.47,-80.2,421,209
40.45,-80.1,657,119
40.49,-80.03,3422,116
40.51,-80.09,3302,202
40.33,-80.14,2447,305
40.31,-79.88,37,18
40.53,-79.88,161,41
40.58,-79.99,394,52
40.42,-80.13,26,11
40.62,-79.99,37,16
40.61,-79.81,94,5
40.26,-79.9,788,29
40.43,-79.91,748,376
40.25,-80.04,57,34
40.61,-79.82,15,11
40.53,-80.18,446,135
40.62,-79.97,246,23
40.39,-79.9,8867,215
40.43,-80.12,1370,229
40.4,-79.95,108,75
40.6,-80.04,926,64
40.31,-79.99,564,59
40.46,-79.94,13836,1486
40.61,-80.1,616,236
40.34,-80.11,430,49
40.33,-80.01,177,91
40.36,-79.95,111,59
40.53,-79.95,1740,133
40.35,-79.85,6065,208
40.39,-80.11,157,41
40.5,-80.01,1826,355
40.57,-80.06,364,26
40.25,-79.95,57,7
40.55,-79.92,31,20
40.46,-80.1,64,34
40.52,-80.03,4276,401
40.46,-80.03,2505,368
40.64,-79.9,1,1
40.54,-80.0,2385,82
40.55,-79.85,23,14
40.62,-80.14,37,5
40.27,-80.07,383,50
40.24,-80.19,64,25
40.34,-79.8,78,45
40.44,-79.83,1819,401
40.48,-80.07,2043,120
40.39,-79.92,733,41
40.28,-80.02,535,20
40.41,-79.97,403,62
40.36,-80.11,3313,663
40.24,-79.92,3,3
40.34,-80.0,2052,110
40.48,-79.97,4474,858
40.48,-79.89,306,29
40.64,-79.94,1271,228
40.39,-79.95,827,47
40.34,-80.05,2975,887
40.25,-79.81,11,8
40.25,-80.2,898,217
40.25,-79.82,23,13
40.3,-79.98,2477,62
40.32,-79.87,545,55
40.53,-79.81,215,59
40.37,-80.1,2891,678
40.4,-80.06,2110,266
40.32,-80.12,978,68
40.51,-80.0,2097,266
40.63,-79.97,155,40
40.3,-79.82,227,33
40.52,-80.08,412,111
40.27,-79.86,1063,36
40.4,-80.11,698,143
40.64,-80.03,92,26
40.31,-79.91,952,25
40.24,-80.07,45,4
40.61,-79.96,254,70
40.51,-79.87,10486,49
40.62,-80.15,10,3
40.33,-80.06,845,144
40.63,-79.98,188,70
40.26,-80.07,20,13
40.58,-79.82,23,5
40.27,-79.94,5,5
40.25,-80.1,216,27
40.37,-79.9,1330,51
40.49,-80.02,16058,165
40.41,-79.91,8949,1806
40.32,-79.83,3055,180
40.24,-80.2,33,29
40.55,-79.91,184,72
40.52,-79.87,1759,179
40.44,-79.85,967,185
40.63,-80.09,77,28
40.57,-80.03,955,194
40.29,-80.13,113,11
40.24,-79.8,1,1
40.44,-80.14,1525,206
40.54,-80.03,1448,162
40.61,-80.18,4,4
40.36,-80.14,380,29
40.45,-80.03,2098,578
40.53,-79.98,2258,121
40.41,-80.0,3187,249
40.39,-79.83,349,72
40.27,-79.8,3,2
40.27,-80.18,2877,141
40.24,-79.9,16,2
40.31,-79.85,135,15
40.62,-79.84,702,22
40.49,-79.81,1181,48
40.58,-79.97,381,56
40.42,-80.18,2418,16
40.56,-80.03,2396,228
40.59,-79.95,901,230
40.35,-80.13,431,41
40.44,-79.84,1223,265
40.49,-80.11,1483,64
40.36,-79.83,1161,161
40.44,-79.92,8266,1432
40.39,-80.14,145,25
40.35,-79.9,577,101
40.53,-80.05,448,89
40.57,-80.12,158,84
40.36,-80.05,5560,805
40.46,-80.0,4802,938
40.58,-80.02,483,57
40.27,-80.1,402,55
40.55,-80.14,72,12
40.42,-79.99,15476,447
40.33,-80.0,531,80
40.51,-79.95,2419,351
40.33,-79.91,27,16
40.45,-80.07,3122,153
40.62,-79.91,461,48
40.63,-80.02,179,50
40.5,-80.15,120,41
40.51,-79.88,259,69
40.6,-79.92,2139,96
40.42,-79.86,2245,160
40.39,-80.1,1728,387
40.47,-79.86,3971,57
40.6,-80.09,1877,240
40.44,-79.97,11978,1610
40.32,-80.0,198,109
40.48,-80.2,147,79
40.44,-80.05,7081,181
40.42,-79.98,5440,397
40.43,-79.81,5483,681
40.48,-80.11,1663,111
40.45,-79.98,12024,2587
40.52,-79.98,2268,128
40.35,-79.84,10083,213
40.59,-80.14,16,8
40.62,-79.87,501,31
40.59,-79.96,844,59
40.39,-80.09,3081,412
40.57,-80.18,5,3
40.49,-80.13,1067,67
40.62,-79.93,771,68
40.4,-80.08,2469,258
40.3,-80.1,680,187
40.62,-80.06,657,209
40.63,-79.88,195,41
40.64,-79.88,1,1
40.3,-79.99,1437,123
40.28,-80.13,887,110
40.5,-79.95,4299,242
40.49,-80.01,2170,410
40.46,-80.15,272,67
40.41,-79.9,3245,655
40.63,-79.9,13,11
40.56,-80.12,181,64
40.35,-80.06,1458,367
40.63,-79.81,5,4
40.47,-79.81,6755,165
40.55,-79.83,221,158
40.59,-80.08,558,18
40.54,-80.1,396,37
40.57,-79.99,388,52
40.46,-80.18,2310,294
40.44,-79.99,90932,9886
40.32,-80.02,191,60
40.25,-79.88,189,59
40.64,-79.99,28,27
40.31,-80.2,234,11
40.58,-80.08,877,90
40.51,-79.94,985,55
40.43,-79.8,308,177
40.55,-80.12,245,121
40.25,-80.05,390,34
40.38,-79.87,2082,258
40.37,-79.94,232,39
40.55,-79.89,228,41
40.29,-80.08,348,63
40.25,-79.99,2041,49
40.56,-79.86,2120,28
40.35,-79.96,919,197
40.6,-80.18,8,5
40.57,-79.83,1,1
40.36,-80.06,924,169
40.64,-79.93,148,36
40.5,-79.87,1364,143
40.3,-79.83,943,31
40.58,-80.14,1,1
40.42,-79.83,1631,72
40.25,-80.07,31,17
40.62,-80.0,234,21
40.39,-80.18,16,14
40.46,-79.91,3065,559
40.59,-79.92,999,17
40.37,-80.02,1693,264
40.35,-80.17,48,11
40.62,-79.95,957,221
40.27,-80.14,3031,95
40.38,-79.8,1533,120
40.42,-79.95,405,165
40.54,-80.11,406,13
40.51,-79.92,184,26
40.47,-79.91,5611,271
40.29,-79.82,1573,40
40.48,-80.08,2592,98
40.47,-80.12,1106,227
40.24,-80.18,373,71
40.57,-79.92,84,41
40.51,-79.98,704,114
40.34,-80.07,775,203
40.54,-80.08,415,229
40.5,-80.11,684,33
40.35,-79.98,1530,313
40.45,-80.06,4018,193
40.46,-80.17,1326,596
40.59,-79.86,12,5
40.61,-80.12,5,4
40.57,-79.98,425,70
40.28,-80.18,2193,70
40.64,-80.2,30,11
40.36,-80.1,1596,169
40.57,-79.96,914,53
40.62,-80.07,335,99
40.63,-80.05,1477,309
40.54,-80.2,87,46
40.32,-79.81,793,37
40.34,-79.83,5371,229
40.45,-79.8,706,40
40.37,-79.92,1430,112
40.4,-79.89,5303,162
40.56,-80.17,117,6
40.26,-79.97,576,12
40.39,-79.84,1560,64
40.34,-79.97,4136,522
40.49,-79.88,2067,441
40.39,-79.91,6674,158
40.59,-80.04,726,214
40.4,-79.99,4362,261
40.46,-79.93,17849,2561
40.33,-80.1,38,19
40.57,-80.02,3298,619
40.59,-79.89,96,84
40.64,-79.96,21,9
40.37,-79.88,335,34
40.64,-79.92,6,6
40.37,-80.0,1166,102
40.3,-80.06,1215,90
40.54,-80.19,1217,280
40.64,-80.17,5,3
40.46,-79.92,11745,1893
40.57,-80.15,2,2
40.38,-80.08,4177,78
40.27,-79.92,47,7
40.38,-80.15,713,22
40.51,-79.97,3404,127
40.31,-79.94,527,217
40.58,-80.12,98,52
40.55,-79.94,1643,45
40.61,-80.07,682,46
40.26,-79.94,52,9
40.36,-79.82,440,50
40.32,-79.91,40,22
40.41,-79.95,3288,156
40.26,-79.86,1775,82
40.53,-80.08,1699,96
40.42,-80.06,3695,724
40.45,-79.85,814,204
40.43,-80.14,620,307
40.4,-79.93,481,208
40.24,-80.03,2,2
40.49,-79.92,1678,370
40.4,-79.97,4318,66
40.63,-80.13,3,2
40.57,-79.86,209,122
40.55,-80.01,5232,414
40.52,-79.82,409,110
40.32,-80.16,10,6
40.53,-79.89,164,24
40.34,-79.81,1941,311
40.32,-79.89,2166,128
40.52,-80.01,1725,523
40.56,-79.97,1003,107
40.33,-79.89,2262,130
40.29,-80.05,419,24
40.55,-79.8,623,63
40.63,-79.96,169,28
40.38,-79.99,4861,415
40.61,-79.91,46,23
40.47,-79.92,7742,481
40.41,-80.2,32,17
40.4,-79.96,357,35
40.48,-80.06,1810,177
40.3,-80.02,717,62
40.29,-80.17,1108,227
40.43,-79.88,2777,477
40.52,-79.94,5816,53
40.27,-80.05,735,51
40.24,-80.04,29,4
40.47,-80.18,74,25
40.34,-79.86,1621,122
40.5,-79.86,1166,257
40.26,-79.88,589,112
40.33,-79.99,1079,217
40.6,-80.07,1069,77
40.57,-79.82,13,8
40.42,-79.88,4916,307
40.39,-80.12,438,49
40.56,-80.08,1309,84
40.64,-80.1,147,132
40.41,-80.01,2431,724
40.3,-80.19,8,5
40.44,-79.9,1662,328
40.35,-79.97,3605,366
40.35,-80.11,1544,325
40.27,-79.9,241,79
40.6,-79.85,25,6
40.43,-80.11,217,162
40.45,-80.13,793,239
40.27,-79.82,527,34
40.31,-80.02,748,97
40.43,-79.84,1245,107
40.52,-79.91,70,24
40.56,-80.1,1261,43
40.43,-80.16,52,37
40.45,-80.12,556,105
40.43,-79.89,4997,1177
40.5,-80.04,827,119
40.31,-80.15,134,93
40.28,-80.01,357,34
40.3,-80.04,890,106
40.4,-80.18,995,78
40.52,-79.8,55,49
40.37,-79.82,330,56
40.37,-79.96,2075,89
40.43,-79.98,39579,4863
40.42,-80.12,311,97
40.5,-79.97,906,58
40.28,-80.19,1581,49
40.58,-80.01,2448,79
40.61,-79.83,41,18
40.27,-79.93,86,14
40.5,-80.16,418,35
40.31,-80.0,191,96
40.27,-80.06,491,61
40.46,-80.12,63,18
40.39,-80.15,712,24
40.33,-80.12,1543,61
40.43,-79.87,4171,392
40.3,-79.8,90,15
40.3,-79.89,2740,106
40.49,-79.93,2578,244
40.41,-79.8,136,52
40.5,-79.98,5967,161
40.49,-80.17,1032,41
40.45,-80.14,1831,254
40.45,-80.19,1554,88
40.33,-80.11,262,73
40.49,-80.16,172,11
40.56,-79.82,152,56
40.28,-79.96,391,51
40.57,-80.11,6013,231
40.52,-79.85,3618,197
40.59,-80.05,593,98
40.25,-79.98,60,48
40.32,-80.09,734,140
40.47,-79.85,566,67
40.53,-80.11,286,6
40.32,-79.94,1586,541
40.38,-79.94,294,57
40.27,-79.91,480,25
40.45,-79.9,4534,585
40.43,-79.97,21085,3691
40.63,-80.0,491,48
40.28,-79.97,1033,22
40.26,-80.2,540,75
40.43,-79.93,4205,857
40.38,-79.93,461,174
40.28,-79.91,736,98
40.59,-80.1,316,211
40.32,-79.95,857,97
40.59,-80.13,13,5
40.44,-80.2,497,73
40.55,-79.87,472,32
40.44,-80.03,3707,599
40.34,-79.89,781,103
40.51,-80.12,184,61
40.58,-80.09,650,103
40.34,-80.06,4159,1028
40.45,-80.08,2226,140
40.57,-79.88,8,8
40.28,-80.04,61,18
40.31,-80.13,1249,56
40.6,-79.93,635,124
40.51,-80.14,457,174
40.34,-80.03,1212,319
40.28,-79.9,80,49
40.64,-79.81,7,5
40.56,-80.15,102,6
40.51,-79.82,97,13
40.31,-79.97,414,45
40.31,-79.87,43,15
40.64,-80.08,174,25
40.61,-80.02,91,43
40.28,-80.0,334,63
40.61,-80.2,975,20
40.26,-80.09,94,4
40.56,-79.87,353,11
40.36,-80.0,2610,355
40.3,-80.01,1408,32
40.45,-79.92,5765,638
40.34,-80.19,1,1
40.49,-79.96,705,138
40.62,-80.04,31,9
40.53,-80.2,719,34
40.6,-79.94,408,75
40.61,-79.88,2,2
40.56,-79.95,615,29
40.35,-80.14,385,66
40.29,-80.2,88,8
40.59,-80.11,224,9
40.4,-80.09,10196,258
40.35,-79.87,2824,172
40.35,-80.1,2703,133
40.46,-80.08,2541,72
40.64,-80.16,53,9
40.6,-79.91,1180,81
40.63,-80.07,1224,44
40.3,-79.88,599,59
40.51,-79.81,844,35
40.63,-80.11,9,5
40.24,-80.14,16,9
40.35,-80.12,580,270
40.46,-79.96,5829,1049
40.57,-80.05,899,52
40.51,-79.99,2325,209
40.47,-80.0,1242,302
40.43,-79.82,1730,192
40.34,-80.1,550,66
40.44,-80.06,5948,201
40.38,-79.85,188,93
40.54,-80.18,5569,584
40.43,-80.03,2590,676
40.51,-80.05,3815,200
40.29,-79.96,453,53
40.47,-79.94,9275,250
40.47,-80.17,335,48
40.55,-79.97,3192,149
40.6,-79.81,46,17
40.34,-80.08,574,96
40.62,-80.03,58,9
40.4,-80.13,62,18
40.48,-79.8,139,48
40.34,-79.9,280,79
40.29,-80.16,20,18
40.33,-79.81,457,87
40.34,-79.95,4571,1067
40.56,-80.2,115,21
40.32,-79.86,1600,51
40.63,-79.95,400,45
40.36,-80.17,1047,22
40.55,-80.02,5512,1036
40.24,-79.82,3,2
40.45,-80.11,1591,317
40.37,-79.87,2379,140
40.28,-79.95,708,62
40.27,-79.87,109,24
40.6,-79.95,779,208
40.29,-79.92,230,105
40.55,-80.11,1302,160
40.52,-80.16,1660,202
40.38,-79.84,193,40
40.36,-80.01,2466,187
40.39,-80.02,9423,356
40.46,-79.88,332,60
40.37,-79.85,6105,180
40.29,-79.88,2735,110
40.64,-80.07,51,34
40.32,-80.06,389,89
40.5,-80.0,593,56
40.5,-79.88,417,112
40.46,-80.07,796,94
40.57,-79.93,387,91
40.31,-80.09,2416,162
40.46,-79.99,4191,652
40.3,-80.17,903,309
40.26,-80.14,908,169
40.46,-79.85,938,105
40.51,-80.15,1108,126
40.42,-80.17,4,3
40.5,-79.93,915,182
40.27,-80.03,107,19
40.5,-79.83,516,40
40.52,-80.05,1158,180
40.4,-80.07,1272,238
40.47,-79.93,9320,408
40.38,-80.07,2057,281
40.25,-80.06,392,63
40.49,-79.95,698,221
40.44,-80.1,446,172
40.46,-79.81,1288,121
40.31,-80.01,571,79
40.41,-79.99,4218,356
40.47,-80.15,1444,100
40.33,-80.04,3188,303
40.59,-80.06,79,34
40.35,-80.01,1636,173
40.38,-80.02,6605,201
40.35,-79.92,412,111
40.44,-79.8,1819,102
40.56,-79.81,163,95
40.47,-80.03,6133,326
40.54,-80.04,2555,253
40.29,-79.83,1297,81
40.27,-80.02,108,43
40.57,-79.81,22,12
40.54,-79.81,1205,117
40.62,-80.02,1125,71
40.27,-80.04,374,37
40.26,-79.92,457,27
40.56,-79.89,73,14
40.52,-79.95,579,101
40.63,-80.19,2,2
40.45,-80.18,5209,1721
40.51,-80.18,502,13
40.34,-80.04,1761,222
40.4,-80.1,1101,244
40.38,-79.83,8367,159
40.6,-80.15,16,6
40.58,-79.98,208,58
40.29,-79.91,955,166
40.53,-79.83,612,96
40.3,-79.85,95,12
40.44,-80.08,1922,191
40.32,-80.14,229,101
40.64,-79.87,16,9
40.28,-79.87,148,48
40.48,-79.81,761,137
40.44,-80.16,977,448
40.37,-80.17,477,56
40.25,-79.8,64,10
40.27,-80.15,581,110
40.43,-79.86,4577,190
40.42,-80.07,1150,198
40.58,-80.03,1099,250
40.62,-79.82,9,5
40.28,-80.16,1111,297
40.53,-79.9,171,2
40.41,-80.05,2368,221
40.54,-80.12,90,70
40.32,-79.84,938,108
40.44,-79.95,63258,5073
40.26,-79.8,9,4
40.53,-80.02,3823,185
40.49,-80.19,293,35
40.28,-80.15,884,47
40.63,-80.18,3,3
40.49,-80.09,301,47
40.36,-80.02,1619,234
40.46,-79.83,1939,249
40.61,-80.17,73,14
40.33,-79.92,1928,163
40.58,-79.86,47,36
40.64,-79.91,3,3
40.59,-80.15,27,5
40.63,-80.04,273,42
40.64,-80.14,3,3
40.44,-80.15,7752,1736
40.51,-79.86,744,100
40.32,-80.17,1806,20
40.31,-79.98,712,41
40.46,-79.82,3113,238
40.33,-79.95,2195,639
40.38,-79.81,2989,296
40.62,-80.2,22,12
40.37,-79.86,2690,103
40.61,-80.11,71,22
40.26,-80.18,2304,342
40.28,-80.08,706,139
40.6,-79.86,115,5
40.56,-80.09,113,91
40.46,-80.01,9537,641
40.49,-79.94,690,192
40.38,-80.04,4878,668
40.37,-80.19,25,13
40.59,-79.98,206,78
40.42,-80.19,12638,189
40.25,-80.15,232,34
40.43,-80.05,2588,292
40.32,-80.04,960,112
40.53,-79.86,141,31
40.6,-79.82,47,13
40.62,-79.83,471,38
40.48,-79.85,1254,115
40.49,-80.07,556,62
40.43,-79.96,23957,3037
40.34,-80.18,44,10
40.64,-79.95,66,28
40.27,-80.0,999,55
40.51,-79.96,1243,86
40.48,-80.16,95,17
40.54,-80.15,279,32
40.37,-80.16,100,16
40.57,-80.19,18,3
40.32,-80.11,197,57
40.48,-80.12,676,151
40.64,-80.13,6,2
40.29,-79.89,3286,129
40.48,-79.98,1495,83
40.42,-80.05,3650,970
40.3,-80.03,2165,121
40.57,-79.8,2050,536
40.36,-79.87,2066,127
40.38,-80.06,1589,200
40.46,-79.84,3313,210
40.63,-79.83,142,8
40.25,-79.96,17,11
40.42,-79.92,2641,410
40.44,-79.94,10157,1376
40.36,-79.99,4194,255
40.58,-79.91,22,7
40.41,-80.19,277,84
40.41,-80.04,1384,204
40.3,-79.84,182,5
40.29,-80.07,692,50
40.42,-80.04,5036,827
40.62,-79.85,1950,79
40.6,-80.13,32,16
40.5,-79.92,2096,151
40.5,-79.8,531,14
40.39,-79.8,1332,70
40.63,-80.14,6,4
40.43,-79.95,7288,1096
40.4,-79.87,1201,310
40.48,-80.13,663,105
40.4,-79.91,4598,213
40.6,-80.08,488,57
40.57,-80.01,7129,401
40.54,-79.9,780,28
40.59,-79.88,79,60
40.53,-80.01,5222,1066
40.39,-80.04,12764,890
40.26,-80.0,1593,84
40.41,-79.85,1132,147
40.36,-79.84,946,186
40.5,-79.94,2307,352
40.29,-79.86,6,6
40.39,-80.19,16,12
40.25,-79.84,56,18
40.37,-79.84,880,115
40.38,-79.97,4753,192
40.25,-79.83,308,15
40.59,-79.85,2,2
40.3,-79.9,99,26
40.55,-79.82,433,135
40.6,-80.03,812,53
40.46,-79.95,10737,1643
40.48,-80.09,4745,88
40.51,-80.04,3385,231
40.54,-80.02,5299,223
40.52,-79.99,1148,83
40.59,-80.12,10,8
40.38,-79.91,3396,175
40.25,-80.03,11,7
40.25,-80.16,178,60
40.59,-79.9,942,76
40.24,-79.86,28,16
40.51,-80.06,1467,114
40.3,-79.81,98,26
40.57,-80.04,4272,232
40.28,-80.11,149,36
40.42,-80.02,3708,329
40.33,-80.17,8,6
40.47,-80.02,401,69
40.53,-79.84,1696,231
40.41,-79.81,400,53
40.48,-80.01,2726,353
40.33,-80.05,1060,161
40.38,-79.96,1507,131
40.28,-79.81,48,11
40.39,-80.07,4887,622
40.62,-79.96,375,31
40.52,-79.83,646,103
40.39,-79.81,1718,137
40.42,-79.89,2123,362
40.48,-79.9,2229,71
40.38,-80.1,2942,677
40.36,-79.98,7129,629
40.33,-79.96,6613,158
40.6,-80.1,249,60
40.53,-79.82,299,178
40.4,-79.92,1625,439
40.27,-80.17,1226,249
40.38,-80.11,293,94
40.33,-79.84,4321,186
40.25,-79.97,188,16
40.42,-80.01,7837,680
40.37,-80.15,1705,43
40.34,-79.93,2649,59
40.54,-80.17,449,29
40.53,-80.16,528,89
40.49,-79.85,64,42
40.32,-80.13,100,21
40.43,-80.04,1825,191
40.53,-80.14,175,28
40.57,-80.1,33,17
40.26,-80.13,1107,295
40.53,-80.19,2001,169
40.52,-80.0,2345,276
40.55,-80.09,658,164
40.58,-80.06,1123,64
40.52,-80.13,1174,186
40.3,-80.2,12,4
40.63,-80.17,62,11
40.56,-79.9,227,30
40.37,-80.01,6264,323
40.48,-79.91,624,195
40.53,-79.87,490,30
40.34,-80.09,1978,59
40.26,-80.16,1178,125
40.37,-79.91,2307,176
40.53,-79.92,457,41
40.5,-79.91,590,106
40.44,-80.13,564,56
40.64,-80.01,918,49
40.36,-80.03,4402,327
40.56,-80.0,879,118
40.51,-79.93,250,27
40.52,-80.06,222,127
40.37,-80.14,1912,23
40.56,-80.05,1051,36
40.6,-80.0,108,76
40.28,-79.99,179,33
40.57,-79.91,17,14
40.4,-79.94,839,148
40.44,-79.86,2911,426
40.3,-79.96,359,50
40.51,-79.91,44,12
40.26,-79.89,542,20
40.54,-79.87,61,22
40.32,-79.97,273,48
40.52,-79.81,891,331
40.32,-79.8,255,16
40.46,-79.87,6698,164
40.3,-80.09,107,36
40.64,-79.84,57,11
40.41,-80.09,3732,359
40.56,-80.07,602,20
40.39,-79.97,5463,172
40.48,-79.87,1918,63
40.47,-80.05,583,96
40.29,-80.19,7,5
40.26,-79.84,26,15
40.33,-79.94,2874,484
40.52,-79.89,234,94
40.54,-79.89,410,24
40.62,-79.9,56,23
40.61,-80.16,12,9
40.43,-79.85,4443,131
40.27,-79.83,936,56
40.54,-80.16,24,10
40.3,-80.18,492,69
40.47,-79.95,5946,820
40.42,-79.8,188,39
40.41,-80.16,97,9
40.39,-80.03,9259,419
40.55,-80.05,192,26
40.63,-80.08,62,26
40.61,-79.92,1155,57
40.46,-80.05,1614,118
40.27,-80.11,2400,76
40.33,-79.93,481,120
40.55,-80.03,1672,152
40.3,-80.16,485,141
40.24,-79.98,20,16
40.52,-79.97,1521,180
40.44,-80.07,4353,383
40.3,-80.14,79,13
40.55,-79.98,2199,82
40.4,-79.81,820,75
40.33,-79.83,2027,96
40.59,-79.93,556,44
40.28,-80.1,224,56
40.33,-80.2,195,7
40.41,-80.03,5549,400
40.32,-80.03,1807,152
40.39,-79.99,16557,322
40.61,-79.86,41,15
40.31,-80.03,1840,170
40.36,-80.12,611,332
40.49,-79.86,2300,160
40.44,-80.17,95,59
40.54,-79.88,181,40
40.5,-79.9,848,58
40.38,-79.89,3043,129
40.47,-80.11,2490,159
40.29,-80.06,1410,41
40.34,-79.96,5433,415
40.49,-80.18,315,31
40.55,-79.99,2869,58
40.46,-79.9,15625,304
40.55,-80.08,7079,133
40.5,-80.13,347,78
40.33,-79.87,764,28
40.5,-79.82,6084,58
40.37,-79.95,192,59
40.34,-79.85,4348,157
40.26,-79.98,109,39
40.46,-80.09,29,14
40.25,-80.11,1695,20
40.6,-79.98,68,33
40.3,-80.08,333,53
40.44,-79.89,8550,491
40.24,-80.05,8,1
40.62,-80.17,140,11
40.34,-79.84,9527,178
40.45,-79.89,2560,403
40.6,-79.88,8,5
40.63,-80.01,102,37
40.54,-79.94,1563,58
40.5,-79.96,742,69
40.3,-80.0,187,99
40.63,-79.84,43,7
40.29,-80.03,1789,197
40.59,-79.84,1032,4
40.43,-80.13,1721,420
40.45,-80.0,21049,5557
40.6,-80.14,40,2
40.45,-79.94,10169,1509
40.43,-80.09,479,72
40.48,-79.99,244,29
40.56,-79.8,429,183
40.36,-80.07,7490,368
40.42,-79.87,1560,73
40.44,-80.19,601,170
40.47,-79.98,3494,274
40.58,-80.11,85,69
40.45,-80.15,4634,268
40.36,-79.9,803,133
40.41,-79.94,3120,252
40.59,-80.0,631,152
40.49,-79.91,2741,399
40.29,-79.93,121,27
40.32,-80.07,2007,129
40.28,-79.98,445,43
40.53,-79.96,1735,220
40.51,-79.89,228,76
40.61,-79.95,1612,333
40.26,-79.99,975,47
40.5,-79.89,467,51
40.62,-79.89,51,13
40.56,-80.06,468,38
40.36,-80.13,533,60
40.44,-80.01,22388,4349
40.39,-80.08,1765,158
40.44,-79.91,1813,148
40.59,-80.18,11,4
40.37,-80.04,2437,224
40.39,-80.13,842,61
40.32,-79.92,459,64
40.63,-80.03,51,24
40.51,-79.8,226,37
40.4,-79.9,8282,213
40.51,-80.07,423,89
40.54,-79.86,109,55
40.39,-80.2,807,23
40.24,-80.02,84,2
40.61,-79.99,159,40
40.64,-79.86,28,5
40.36,-79.81,1340,36
40.28,-80.09,303,72
40.27,-80.08,805,51
40.52,-80.18,867,104
40.52,-79.92,246,39
40.53,-79.91,311,30
40.31,-80.08,1245,75
40.58,-79.93,293,20
40.53,-80.0,2725,128
40.31,-80.1,555,50
40.33,-79.8,43,26
40.47,-80.1,2237,236
40.24,-79.93,1,1
40.55,-80.07,859,37
40.43,-80.1,1948,141
40.54,-79.91,230,39
40.33,-80.18,79,37
40.61,-80.01,196,126
40.27,-80.12,1799,176
40.42,-79.96,4622,614
40.33,-80.08,374,84
40.32,-79.9,142,75
40.37,-80.06,2218,187
40.49,-80.15,27,15
40.55,-79.93,195,29
40.47,-79.82,3215,291
40.58,-79.87,524,139
40.6,-79.84,78,8
40.38,-80.01,2137,169
40.3,-79.95,597,18
40.36,-79.93,1163,219
40.27,-80.2,726,29
40.31,-79.8,1274,33
40.25,-80.17,796,200
40.58,-80.07,233,77
40.27,-79.97,648,42
40.28,-79.82,332,39
40.63,-79.94,671,197
40.53,-80.17,1270,108
40.36,-80.16,115,11
40.57,-80.14,7,5
40.51,-80.11,250,97
40.63,-79.89,59,19
40.43,-80.19,402,89
40.36,-80.19,7,5
40.25,-80.08,526,34
40.26,-80.11,279,32
